Project Name,Package Name,Type Name,NOF,NOPF,NOM,NOPM,LOC,WMC,NC,DIT,LCOM,FANIN,FANOUT
bulletJournal,com.bulletjournal.clients,UserClientTests,0,0,1,1,24,1,0,0,-1.0,0,6
bulletJournal,com.bulletjournal.clients,MockUserAliasDaoJpa,0,0,1,1,5,1,0,0,-1.0,1,1
bulletJournal,com.bulletjournal.clients,ESClient,2,0,2,1,11,2,0,0,0.0,0,1
bulletJournal,com.bulletjournal.clients,DaemonServiceClient,11,0,7,5,92,14,0,0,0.0,2,3
bulletJournal,com.bulletjournal.clients,PickAvatarParams,2,0,6,6,22,6,0,0,0.3333333333333333,0,0
bulletJournal,com.bulletjournal.clients,GoogleMapsClient,2,0,3,3,27,6,0,0,0.0,0,1
bulletJournal,com.bulletjournal.clients,CreateTopicParams,3,0,8,8,30,8,0,0,0.25,0,0
bulletJournal,com.bulletjournal.clients,GoogleCalClient,6,0,4,3,39,7,0,0,0.0,2,3
bulletJournal,com.bulletjournal.clients,UserClient,14,3,13,7,163,23,0,0,0.0,54,7
bulletJournal,com.bulletjournal.clients,AWSS3Client,3,0,3,2,38,6,0,0,0.0,1,2
bulletJournal,com.bulletjournal.repository.utils,DaoHelperTest,0,0,3,3,33,3,0,0,-1.0,0,6
bulletJournal,com.bulletjournal.repository.utils,ProjectStub,0,0,1,1,5,1,0,0,-1.0,1,0
bulletJournal,com.bulletjournal.repository.utils,RecurrenceRuleTest,0,0,1,1,15,2,0,0,-1.0,0,0
bulletJournal,com.bulletjournal.repository.utils,GoogleCalendarDataStore,1,0,7,6,51,8,0,0,0.0,0,2
bulletJournal,com.bulletjournal.repository.utils,StringArrayType,1,1,4,3,15,4,0,0,1.0,1,2
bulletJournal,com.bulletjournal.repository.utils,LongArrayType,1,1,4,3,15,4,0,0,1.0,1,2
bulletJournal,com.bulletjournal.repository.utils,StringArrayTypeDescriptor,1,1,2,1,9,2,0,0,1.0,2,1
bulletJournal,com.bulletjournal.repository.utils,LongArrayTypeDescriptor,1,1,2,1,9,2,0,0,1.0,2,1
bulletJournal,com.bulletjournal.repository.utils,GoogleCalendarDataStoreFactory,1,0,2,1,9,2,0,0,0.0,0,1
bulletJournal,com.bulletjournal.repository.utils,DaoHelper,1,0,9,7,195,22,0,0,0.3333333333333333,11,5
bulletJournal,com.bulletjournal.hierarchy,HierarchyProcessorProcessorTest,0,0,4,3,145,7,0,0,-1.0,2,5
bulletJournal,com.bulletjournal.hierarchy,TaskRelationsProcessor,3,0,4,2,27,6,0,0,0.75,1,3
bulletJournal,com.bulletjournal.hierarchy,HierarchyItem,3,1,6,6,22,6,0,0,0.5,6,0
bulletJournal,com.bulletjournal.hierarchy,NoteRelationsProcessor,3,0,4,2,27,6,0,0,0.75,1,3
bulletJournal,com.bulletjournal.hierarchy,HierarchyProcessor,1,1,3,1,33,8,0,0,0.0,7,2
bulletJournal,com.bulletjournal.hierarchy,CategoryRelationsProcessor,3,0,4,2,27,6,0,0,0.75,2,3
bulletJournal,com.bulletjournal.hierarchy,ProjectRelationsProcessor,2,0,4,3,42,9,0,0,0.5,2,3
bulletJournal,com.bulletjournal.util,DeltaContentTest,0,0,1,1,8,1,0,0,-1.0,0,1
bulletJournal,com.bulletjournal.util,ContentDiffToolTest,1,0,1,1,24,1,0,0,0.0,0,1
bulletJournal,com.bulletjournal.util,DeltaConverterTest,1,0,2,2,18,2,0,0,1.0,0,2
bulletJournal,com.bulletjournal.util,MapWithExpiration,5,0,5,3,55,11,0,0,0.0,1,1
bulletJournal,com.bulletjournal.util,Value,2,0,1,0,8,1,0,0,0.0,1,0
bulletJournal,com.bulletjournal.util,StringUtil,1,1,1,1,9,2,0,0,0.0,8,0
bulletJournal,com.bulletjournal.util,BuJoRecurrenceRule,9,0,12,8,68,17,0,0,0.0,2,0
bulletJournal,com.bulletjournal.util,CustomThreadFactory,4,0,2,2,17,4,0,0,0.0,0,0
bulletJournal,com.bulletjournal.util,EmojiRuleProvider,4,1,0,0,31,0,0,0,-1.0,3,0
bulletJournal,com.bulletjournal.util,BookingUtil,3,0,6,5,113,19,0,0,0.5,4,4
bulletJournal,com.bulletjournal.util,DeltaContent,9,3,14,12,119,28,0,0,0.21428571428571427,5,1
bulletJournal,com.bulletjournal.util,DeltaConverter,1,0,2,1,27,3,0,0,0.0,2,2
bulletJournal,com.bulletjournal.util,WebToMobile,0,0,1,0,9,1,0,0,-1.0,0,1
bulletJournal,com.bulletjournal.util,EmojiConverter,0,0,1,1,15,2,0,0,-1.0,2,1
bulletJournal,com.bulletjournal.util,ContentDiffTool,2,0,3,2,22,5,0,0,0.6666666666666666,2,0
bulletJournal,com.bulletjournal.util,MathUtil,1,0,2,2,15,3,0,0,1.0,3,0
bulletJournal,com.bulletjournal.redis.models,EtagTypeTest,0,0,1,1,7,1,0,0,-1.0,0,0
bulletJournal,com.bulletjournal.redis.models,UserAliases,2,0,6,6,22,6,0,0,0.3333333333333333,0,0
bulletJournal,com.bulletjournal.redis.models,Etag,2,0,15,15,61,21,0,0,0.13333333333333333,1,0
bulletJournal,com.bulletjournal.redis.models,BankAccountBalance,2,0,6,6,22,6,0,0,0.3333333333333333,0,0
bulletJournal,com.bulletjournal.redis.models,ShareItemIds,4,0,13,13,49,15,0,0,0.15384615384615385,2,1
bulletJournal,com.bulletjournal.redis.models,LockedUser,3,0,11,11,41,13,0,0,0.2727272727272727,1,1
bulletJournal,com.bulletjournal.redis.models,LockedIP,3,0,10,10,38,12,0,0,0.2,1,1
bulletJournal,com.bulletjournal.redis.models,FirstTimeUser,1,0,4,4,14,4,0,0,0.5,0,0
bulletJournal,com.bulletjournal.redis.models,JoinGroupNotification,2,0,6,6,22,6,0,0,0.3333333333333333,1,0
bulletJournal,com.bulletjournal.controller,TaskControllerTest,10,0,12,3,187,15,0,0,0.16666666666666666,0,13
bulletJournal,com.bulletjournal.controller,ProjectItemControllerTest,10,0,23,4,336,28,0,0,0.13043478260869565,0,15
bulletJournal,com.bulletjournal.controller,BankAccountControllerTest,6,0,6,3,56,6,0,0,0.0,0,5
bulletJournal,com.bulletjournal.controller,GoogleCalendarControllerTest,1,0,1,1,14,1,0,0,0.0,0,0
bulletJournal,com.bulletjournal.controller,ProjectControllerTest,8,0,45,2,749,56,0,0,0.0,0,30
bulletJournal,com.bulletjournal.controller,UserControllerTest,6,0,3,3,33,3,0,0,0.6666666666666666,0,5
bulletJournal,com.bulletjournal.controller,TransactionControllerTest,6,0,10,2,207,15,0,0,0.0,0,11
bulletJournal,com.bulletjournal.controller,BookingLinkControllerTest,9,0,16,2,204,18,0,0,0.0,0,12
bulletJournal,com.bulletjournal.controller,DeviceControllerTest,13,0,7,6,100,7,0,0,0.42857142857142855,0,11
bulletJournal,com.bulletjournal.controller,SystemControllerTest,7,0,10,3,143,14,0,0,0.2,0,5
bulletJournal,com.bulletjournal.controller,QueryControllerTest,6,0,11,2,91,11,0,0,0.0,0,8
bulletJournal,com.bulletjournal.controller,RateFilterTest,9,0,5,3,45,6,0,0,0.0,0,6
bulletJournal,com.bulletjournal.controller,AdminController,14,9,11,9,95,16,0,0,0.18181818181818182,0,8
bulletJournal,com.bulletjournal.controller,DeviceController,6,0,1,1,25,3,0,0,0.0,1,4
bulletJournal,com.bulletjournal.controller,NoteController,29,0,27,24,267,35,0,0,0.0,4,17
bulletJournal,com.bulletjournal.controller,ProjectItemController,10,1,5,3,66,8,0,0,0.0,1,13
bulletJournal,com.bulletjournal.controller,QueryController,14,0,8,1,218,32,0,0,0.0,1,10
bulletJournal,com.bulletjournal.controller,NotificationController,13,0,7,5,91,13,0,0,0.0,2,21
bulletJournal,com.bulletjournal.controller,TaskController,36,2,38,32,385,55,0,0,0.0,8,22
bulletJournal,com.bulletjournal.controller,SystemController,25,3,11,6,271,40,0,0,0.18181818181818182,2,20
bulletJournal,com.bulletjournal.controller,ProjectController,13,0,10,10,108,14,0,0,0.0,3,10
bulletJournal,com.bulletjournal.controller,BankAccountController,8,0,6,6,41,6,0,0,0.0,1,10
bulletJournal,com.bulletjournal.controller,FileController,5,0,2,2,27,5,0,0,0.0,0,4
bulletJournal,com.bulletjournal.controller,GoogleCalendarController,12,2,18,12,204,32,0,0,0.1111111111111111,1,8
bulletJournal,com.bulletjournal.controller,TransactionController,29,0,25,22,292,40,0,0,0.08,6,23
bulletJournal,com.bulletjournal.controller,BookingLinksController,18,11,14,14,99,16,0,0,0.0,1,7
bulletJournal,com.bulletjournal.controller,PaymentController,5,0,2,2,40,6,0,0,1.0,0,5
bulletJournal,com.bulletjournal.controller,GroupController,14,1,14,12,148,26,0,0,0.0,3,12
bulletJournal,com.bulletjournal.controller,UserController,17,5,12,9,115,15,0,0,0.25,2,10
bulletJournal,com.bulletjournal.controller,LabelController,8,0,7,7,54,9,0,0,0.0,3,9
bulletJournal,com.bulletjournal.controller.utils,ProjectItemsGrouperTest,1,0,6,6,147,9,0,0,0.8333333333333334,0,9
bulletJournal,com.bulletjournal.controller.utils,ProjectStub,0,0,1,1,5,1,0,0,-1.0,1,0
bulletJournal,com.bulletjournal.controller.utils,TestHelpers,2,0,11,11,96,15,0,0,0.8181818181818182,16,12
bulletJournal,com.bulletjournal.controller.utils,ZonedDateTimeHelperTest,0,0,8,8,108,8,0,0,-1.0,0,1
bulletJournal,com.bulletjournal.controller.utils,FileUtil,0,0,2,2,16,3,0,0,-1.0,1,1
bulletJournal,com.bulletjournal.controller.utils,ZonedDateTimeHelper,10,8,32,27,262,42,0,0,0.40625,29,1
bulletJournal,com.bulletjournal.controller.utils,EtagGenerator,0,0,4,3,83,13,0,0,-1.0,14,1
bulletJournal,com.bulletjournal.controller.utils,ProjectItemsGrouper,5,5,7,7,140,17,0,0,1.0,6,2
bulletJournal,com.bulletjournal.controller.models,RequestParams,2,0,5,5,20,5,0,0,0.0,5,0
bulletJournal,com.bulletjournal.controller.models,TaskViewTest,0,0,16,16,72,16,0,0,-1.0,0,1
bulletJournal,com.bulletjournal.controller.models,TaskStubNullDueDate,0,0,1,1,5,1,0,4,-1.0,0,0
bulletJournal,com.bulletjournal.controller.models,TaskStubNullDueTime,0,0,1,1,5,1,1,3,-1.0,0,0
bulletJournal,com.bulletjournal.controller.models,TaskStubNullDuration,0,0,1,1,5,1,0,3,-1.0,0,0
bulletJournal,com.bulletjournal.controller.models,TaskStub,0,0,8,8,26,8,2,2,-1.0,0,0
bulletJournal,com.bulletjournal.controller.models,TransactionViewTest,0,0,8,8,32,8,0,0,-1.0,0,1
bulletJournal,com.bulletjournal.controller.models,TransactionStub,0,0,7,7,23,7,0,2,-1.0,0,0
bulletJournal,com.bulletjournal.controller.models,ProjectItems,5,0,11,11,52,11,0,0,0.5454545454545454,4,2
bulletJournal,com.bulletjournal.controller.models,ConfirmPaymentIntent,1,0,2,2,9,2,0,0,0.0,1,0
bulletJournal,com.bulletjournal.controller.models,LoginStatus,2,0,6,6,22,6,0,0,0.3333333333333333,0,0
bulletJournal,com.bulletjournal.controller.models,ReminderSetting,3,0,14,14,51,16,0,0,0.14285714285714285,12,1
bulletJournal,com.bulletjournal.controller.models,Activity,5,0,10,10,37,10,0,0,0.5,1,1
bulletJournal,com.bulletjournal.controller.models,BookingSlot,8,0,18,18,67,20,0,0,0.3888888888888889,5,2
bulletJournal,com.bulletjournal.controller.models,LockedUsersAndIPs,2,0,5,5,18,5,0,0,0.6,1,0
bulletJournal,com.bulletjournal.controller.models,Label,3,0,11,11,42,13,0,0,0.18181818181818182,5,1
bulletJournal,com.bulletjournal.controller.models,Myself,8,0,21,21,82,22,0,1,0.09523809523809523,0,1
bulletJournal,com.bulletjournal.controller.models,Group,6,0,18,18,86,25,0,0,0.16666666666666666,13,3
bulletJournal,com.bulletjournal.controller.models,UserTaskStatistic,3,0,11,11,39,11,0,0,0.18181818181818182,0,1
bulletJournal,com.bulletjournal.controller.models,Booking,12,0,24,24,94,24,0,0,0.125,5,1
bulletJournal,com.bulletjournal.controller.models,ProjectItemSharables,2,0,4,4,16,4,0,0,0.5,3,0
bulletJournal,com.bulletjournal.controller.models,ProjectDetails,1,0,4,4,14,4,0,1,0.75,1,2
bulletJournal,com.bulletjournal.controller.models,PublicProjectItem,4,0,10,10,38,10,0,0,0.2,1,1
bulletJournal,com.bulletjournal.controller.models,Invitee,4,0,8,8,30,8,0,0,0.5,2,0
bulletJournal,com.bulletjournal.controller.models,Notification,8,0,20,20,77,22,0,0,0.1,3,2
bulletJournal,com.bulletjournal.controller.models,ProjectItem,11,0,31,31,158,43,3,0,0.12903225806451613,11,8
bulletJournal,com.bulletjournal.controller.models,Revision,5,0,14,14,53,14,0,0,0.2857142857142857,5,3
bulletJournal,com.bulletjournal.controller.models,TaskStatistics,3,0,8,8,30,8,0,0,0.25,1,0
bulletJournal,com.bulletjournal.controller.models,User,6,0,19,19,72,21,2,0,0.10526315789473684,34,1
bulletJournal,com.bulletjournal.controller.models,SearchResult,4,0,9,9,32,9,0,0,0.5555555555555556,2,0
bulletJournal,com.bulletjournal.controller.models,UserGroup,1,0,7,7,30,10,0,1,0.2857142857142857,3,1
bulletJournal,com.bulletjournal.controller.models,BankAccount,7,0,20,20,87,25,0,0,0.15,6,3
bulletJournal,com.bulletjournal.controller.models,Projects,3,0,7,7,28,7,0,0,0.2857142857142857,3,4
bulletJournal,com.bulletjournal.controller.models,Note,2,0,10,10,40,13,0,1,0.3,9,3
bulletJournal,com.bulletjournal.controller.models,SlotEvent,2,0,5,5,20,5,0,0,0.0,0,0
bulletJournal,com.bulletjournal.controller.models,UserPointActivity,6,0,15,15,61,17,0,0,0.0,1,1
bulletJournal,com.bulletjournal.controller.models,ProjectsWithOwner,2,0,11,11,47,13,0,0,0.18181818181818182,3,4
bulletJournal,com.bulletjournal.controller.models,RecurringSpan,2,0,6,6,22,6,0,0,0.3333333333333333,1,0
bulletJournal,com.bulletjournal.controller.models,Task,13,0,34,34,165,42,2,1,0.08823529411764706,19,5
bulletJournal,com.bulletjournal.controller.models,BookingLink,18,0,38,38,148,38,0,0,0.10526315789473684,7,2
bulletJournal,com.bulletjournal.controller.models,Project,8,0,27,27,118,30,1,0,0.1111111111111111,30,4
bulletJournal,com.bulletjournal.controller.models,GroupsWithOwner,2,0,10,10,40,12,0,0,0.2,2,4
bulletJournal,com.bulletjournal.controller.models,SampleTask,0,0,3,3,10,3,0,2,-1.0,4,3
bulletJournal,com.bulletjournal.controller.models,Error,1,0,2,2,9,2,0,0,0.0,0,0
bulletJournal,com.bulletjournal.controller.models,SystemUpdates,8,0,16,16,58,16,0,0,0.5,0,0
bulletJournal,com.bulletjournal.controller.models,ProjectSetting,4,0,10,10,38,10,0,0,0.2,3,0
bulletJournal,com.bulletjournal.controller.models,SearchResultItem,6,0,15,15,60,17,0,0,0.4666666666666667,1,0
bulletJournal,com.bulletjournal.controller.models,SharableLink,3,1,8,8,30,8,0,0,0.25,1,0
bulletJournal,com.bulletjournal.controller.models,ProjectItemActivity,7,0,14,13,71,17,0,0,0.0,0,1
bulletJournal,com.bulletjournal.controller.models,Content,12,0,26,25,120,30,0,0,0.11538461538461539,11,5
bulletJournal,com.bulletjournal.controller.models,Transaction,10,0,34,32,185,47,1,1,0.08823529411764706,11,5
bulletJournal,com.bulletjournal.templates,WorkflowControllerTest,4,0,14,5,189,16,0,0,0.0,0,9
bulletJournal,com.bulletjournal.templates,CategoryControllerTest,17,0,12,3,156,21,0,0,0.25,0,8
bulletJournal,com.bulletjournal.templates.workflow.models,RuleExpressionTest,0,0,1,1,13,1,0,0,-1.0,0,1
bulletJournal,com.bulletjournal.templates.workflow.models,SelectionCombo,1,0,5,5,21,5,0,0,0.0,1,1
bulletJournal,com.bulletjournal.templates.workflow.models,RuleExpression,6,0,19,16,112,33,0,0,0.42105263157894735,2,0
bulletJournal,com.bulletjournal.templates.workflow.models,Criteria,2,0,5,5,20,5,0,0,0.0,0,0
bulletJournal,com.bulletjournal.templates.workflow.models,FlowStep,3,0,8,8,31,8,1,2,0.0,0,3
bulletJournal,com.bulletjournal.templates.workflow.models,CategoryStep,1,0,2,2,10,2,0,3,0.0,0,1
bulletJournal,com.bulletjournal.templates.workflow.models,Step,0,0,4,0,9,4,1,1,-1.0,0,1
bulletJournal,com.bulletjournal.templates.workflow.models,AdminStep,0,0,3,0,8,3,1,0,-1.0,0,1
bulletJournal,com.bulletjournal.templates.resourcefinder,LeetCodeAnalyzer,11,0,12,5,321,49,0,0,0.0,0,9
bulletJournal,com.bulletjournal.notifications,MockSearchIndexDaoJpa,0,0,0,0,2,0,0,0,-1.0,1,0
bulletJournal,com.bulletjournal.notifications,MockRedisEtagDaoJpa,1,0,1,1,12,1,0,0,0.0,1,0
bulletJournal,com.bulletjournal.notifications,NotificationServiceTest,0,0,1,1,30,4,0,0,-1.0,0,5
bulletJournal,com.bulletjournal.notifications,MockedAuditableDaoJpa,1,0,1,1,6,1,0,0,0.0,1,0
bulletJournal,com.bulletjournal.notifications,RemoveElasticsearchDocumentEvent,1,0,3,3,12,3,0,0,0.0,1,0
bulletJournal,com.bulletjournal.notifications,EtagEvent,2,0,6,6,22,6,0,0,0.3333333333333333,4,0
bulletJournal,com.bulletjournal.notifications,ProjectItemAuditable,9,2,18,18,71,18,0,0,0.0,1,1
bulletJournal,com.bulletjournal.notifications,ImportSampleTasksEvent,4,0,9,9,36,9,0,0,0.0,1,1
bulletJournal,com.bulletjournal.notifications,Auditable,6,0,14,14,55,14,0,0,0.0,1,0
bulletJournal,com.bulletjournal.notifications,Remindable,1,0,3,3,12,3,0,0,0.0,1,1
bulletJournal,com.bulletjournal.notifications,Event,4,0,10,10,38,10,0,0,0.2,31,0
bulletJournal,com.bulletjournal.notifications,ContentBatch,3,0,7,7,28,7,0,0,0.0,2,0
bulletJournal,com.bulletjournal.notifications,NotificationService,18,0,15,15,306,55,0,0,0.0,20,16
bulletJournal,com.bulletjournal.notifications,SampleProjectsCreation,2,0,5,5,20,5,0,0,0.0,2,1
bulletJournal,com.bulletjournal.notifications,SampleTaskChange,1,0,5,5,17,5,0,0,0.4,1,0
bulletJournal,com.bulletjournal.notifications,SaveCompleteTasksEvent,1,0,3,3,12,3,0,0,0.0,1,0
bulletJournal,com.bulletjournal.notifications.informed,MockedNotificationDaoJpa,1,0,2,2,16,3,0,0,0.0,1,0
bulletJournal,com.bulletjournal.notifications.informed,CreateProjectEvent,0,0,5,4,17,5,0,1,-1.0,0,1
bulletJournal,com.bulletjournal.notifications.informed,ShareProjectItemEvent,1,0,4,3,16,4,0,1,0.0,1,1
bulletJournal,com.bulletjournal.notifications.informed,RemoveTransactionEvent,0,0,5,4,17,5,0,1,-1.0,0,1
bulletJournal,com.bulletjournal.notifications.informed,RequestProjectItemWriteAccessEvent,1,0,5,4,19,5,0,1,0.4,1,1
bulletJournal,com.bulletjournal.notifications.informed,RemoveUserFromGroupEvent,0,0,5,4,17,5,0,1,-1.0,0,1
bulletJournal,com.bulletjournal.notifications.informed,RemoveNoteEvent,0,0,5,4,17,5,0,1,-1.0,0,1
bulletJournal,com.bulletjournal.notifications.informed,SetLabelEvent,1,0,4,3,16,4,0,1,0.0,0,1
bulletJournal,com.bulletjournal.notifications.informed,Informed,4,0,13,10,55,14,24,0,0.46153846153846156,6,2
bulletJournal,com.bulletjournal.notifications.informed,RequestProjectItemWriteAccessResponseEvent,3,0,4,3,20,4,0,1,0.0,0,1
bulletJournal,com.bulletjournal.notifications.informed,JoinProjectEvent,0,0,5,4,17,5,0,1,-1.0,0,1
bulletJournal,com.bulletjournal.notifications.informed,RevokeSharableEvent,1,0,4,3,16,4,0,1,0.5,0,1
bulletJournal,com.bulletjournal.notifications.informed,SetTaskStatusEvent,0,0,5,4,17,5,0,1,-1.0,0,1
bulletJournal,com.bulletjournal.notifications.informed,DisableGroupShareEvent,0,0,5,4,17,5,0,1,-1.0,0,1
bulletJournal,com.bulletjournal.notifications.informed,UpdateTaskAssigneeEvent,1,0,4,3,19,5,0,1,0.5,0,1
bulletJournal,com.bulletjournal.notifications.informed,ShareGroupEvent,0,0,5,4,17,5,0,1,-1.0,0,1
bulletJournal,com.bulletjournal.notifications.informed,RemoveTaskEvent,0,0,5,4,17,5,0,1,-1.0,0,1
bulletJournal,com.bulletjournal.notifications.informed,RemoveFromProjectEvent,0,0,5,4,17,5,0,1,-1.0,0,1
bulletJournal,com.bulletjournal.notifications.informed,JoinGroupEvent,0,0,6,5,20,6,0,1,-1.0,0,1
bulletJournal,com.bulletjournal.notifications.informed,JoinGroupResponseEvent,1,0,5,4,20,5,0,1,0.6,1,1
bulletJournal,com.bulletjournal.notifications.informed,NewAdminSampleTaskEvent,0,0,4,3,14,4,0,1,-1.0,0,1
bulletJournal,com.bulletjournal.notifications.informed,UpdateTransactionPayerEvent,1,0,4,3,22,6,0,1,0.5,0,1
bulletJournal,com.bulletjournal.notifications.informed,DeleteGroupEvent,0,0,4,3,14,4,0,1,-1.0,0,1
bulletJournal,com.bulletjournal.notifications.informed,RemoveProjectEvent,0,0,5,4,17,5,0,1,-1.0,0,1
bulletJournal,com.bulletjournal.notifications.informed,InviteToJoinGroupEvent,1,0,4,3,16,4,0,1,0.75,0,1
bulletJournal,com.bulletjournal.notifications.informed,NewSampleTaskEvent,1,0,5,4,22,6,0,1,0.8,0,1
bulletJournal,com.bulletjournal.filters,MDCFilter,4,0,4,2,52,7,0,0,0.5,0,3
bulletJournal,com.bulletjournal.filters,RateFilter,1,0,2,2,24,5,0,0,1.0,0,2
bulletJournal,com.bulletjournal.filters,AuthFilter,5,0,2,2,65,12,0,0,0.0,2,7
bulletJournal,com.bulletjournal.filters.rate.limiting,TokenBucket,9,0,8,3,66,15,0,0,0.375,4,6
bulletJournal,com.bulletjournal.repository,TransactionRepositoryCustom,0,0,2,0,4,2,2,0,-1.0,0,0
bulletJournal,com.bulletjournal.repository,BankAccountTransactionRepository,0,0,1,0,3,1,0,0,-1.0,2,1
bulletJournal,com.bulletjournal.repository,DeviceTokenRepository,0,0,3,0,5,3,0,0,-1.0,2,0
bulletJournal,com.bulletjournal.repository,NoteDaoJpa,14,0,22,18,214,37,0,1,0.2727272727272727,1,19
bulletJournal,com.bulletjournal.repository,TaskContentRepository,0,0,4,0,6,4,0,0,-1.0,2,1
bulletJournal,com.bulletjournal.repository,NoteRepositoryImpl,1,0,2,2,17,4,0,1,0.0,0,1
bulletJournal,com.bulletjournal.repository,SharedProjectItemRepository,0,0,5,0,7,5,0,1,-1.0,2,2
bulletJournal,com.bulletjournal.repository,NotificationRepository,0,0,5,0,7,5,0,0,-1.0,3,0
bulletJournal,com.bulletjournal.repository,AuditableRepository,0,0,5,0,7,5,0,0,-1.0,1,0
bulletJournal,com.bulletjournal.repository,NotificationDaoJpa,10,0,5,5,107,18,0,0,0.0,3,9
bulletJournal,com.bulletjournal.repository,ProjectItemDaoJpa,15,0,30,19,330,62,3,0,0.13333333333333333,2,22
bulletJournal,com.bulletjournal.repository,PublicProjectItemDaoJpa,2,0,5,5,65,13,0,0,0.0,2,4
bulletJournal,com.bulletjournal.repository,BookingLinkRepository,0,0,2,0,4,2,0,0,-1.0,2,0
bulletJournal,com.bulletjournal.repository,NoteRepositoryCustom,0,0,2,0,4,2,2,0,-1.0,0,0
bulletJournal,com.bulletjournal.repository,NoteContentRepository,0,0,3,0,5,3,0,0,-1.0,1,1
bulletJournal,com.bulletjournal.repository,TaskDaoJpa,17,0,60,50,843,117,0,1,0.08333333333333333,10,29
bulletJournal,com.bulletjournal.repository,NoteRepository,0,0,5,0,7,5,0,1,-1.0,2,1
bulletJournal,com.bulletjournal.repository,ProjectSettingDaoJpa,2,0,2,2,23,3,0,0,0.0,2,4
bulletJournal,com.bulletjournal.repository,TransactionRepositoryImpl,1,0,2,2,17,4,0,1,0.0,0,1
bulletJournal,com.bulletjournal.repository,UserAliasDaoJpa,4,0,4,4,61,11,0,0,0.0,6,5
bulletJournal,com.bulletjournal.repository,ProjectDaoJpa,11,0,18,11,258,46,0,0,0.0,11,21
bulletJournal,com.bulletjournal.repository,NoteAuditableRepository,0,0,2,0,4,2,0,0,-1.0,1,0
bulletJournal,com.bulletjournal.repository,AuditableDaoJpa,3,0,3,3,33,7,0,0,0.0,2,4
bulletJournal,com.bulletjournal.repository,SystemDaoJpa,3,0,2,2,20,3,0,0,0.0,1,5
bulletJournal,com.bulletjournal.repository,GoogleCalendarProjectRepository,0,0,3,0,5,3,0,0,-1.0,1,0
bulletJournal,com.bulletjournal.repository,UserPointActivityDaoJpa,1,0,2,2,11,2,0,0,0.0,1,2
bulletJournal,com.bulletjournal.repository,ProjectTasksRepository,0,0,0,0,2,0,0,0,-1.0,2,0
bulletJournal,com.bulletjournal.repository,TransactionDaoJpa,13,0,29,23,372,62,0,1,0.1724137931034483,5,20
bulletJournal,com.bulletjournal.repository,UserGroupRepository,0,0,2,0,4,2,0,0,-1.0,4,0
bulletJournal,com.bulletjournal.repository,SharedProjectItemRepositoryCustom,0,0,1,0,3,1,2,0,-1.0,0,0
bulletJournal,com.bulletjournal.repository,GoogleCredentialRepository,0,0,3,0,5,3,0,0,-1.0,3,0
bulletJournal,com.bulletjournal.repository,ProjectNotesRepository,0,0,0,0,2,0,0,0,-1.0,2,0
bulletJournal,com.bulletjournal.repository,GroupDaoJpa,6,0,16,16,242,49,0,0,0.0,6,10
bulletJournal,com.bulletjournal.repository,UserProjectsRepository,0,0,0,0,2,0,0,0,-1.0,1,0
bulletJournal,com.bulletjournal.repository,PublicProjectItemRepository,0,0,3,0,5,3,0,0,-1.0,1,2
bulletJournal,com.bulletjournal.repository,SharedProjectItemDaoJpa,6,0,8,7,118,23,0,0,0.0,5,9
bulletJournal,com.bulletjournal.repository,BookingLinkDaoJpa,3,0,13,11,130,20,0,0,0.0,0,13
bulletJournal,com.bulletjournal.repository,TaskRepository,0,0,17,0,19,17,0,1,-1.0,4,1
bulletJournal,com.bulletjournal.repository,TransactionRepository,0,0,13,0,15,13,0,1,-1.0,4,2
bulletJournal,com.bulletjournal.repository,SharedProjectItemRepositoryImpl,1,0,1,1,14,3,0,1,0.0,0,1
bulletJournal,com.bulletjournal.repository,LabelDaoJpa,7,0,11,10,149,19,0,0,0.18181818181818182,8,11
bulletJournal,com.bulletjournal.repository,BankAccountRepository,0,0,1,0,3,1,0,0,-1.0,1,0
bulletJournal,com.bulletjournal.repository,UserPointActivityRepository,0,0,1,0,3,1,0,0,-1.0,1,0
bulletJournal,com.bulletjournal.repository,UserAliasRepository,0,0,0,0,2,0,0,0,-1.0,1,0
bulletJournal,com.bulletjournal.repository,GoogleCalendarProjectDaoJpa,5,0,8,8,69,10,0,0,0.0,3,7
bulletJournal,com.bulletjournal.repository,TaskRepositoryCustom,0,0,2,0,4,2,2,0,-1.0,0,0
bulletJournal,com.bulletjournal.repository,ProjectRepository,0,0,3,0,5,3,0,0,-1.0,5,0
bulletJournal,com.bulletjournal.repository,DeviceTokenDaoJpa,1,0,7,7,35,9,0,0,0.0,4,2
bulletJournal,com.bulletjournal.repository,GroupRepository,0,0,3,0,5,3,0,0,-1.0,4,0
bulletJournal,com.bulletjournal.repository,UserRepository,0,0,3,0,5,3,0,0,-1.0,2,0
bulletJournal,com.bulletjournal.repository,LabelRepository,0,0,2,0,4,2,0,0,-1.0,1,0
bulletJournal,com.bulletjournal.repository,TransactionAuditableRepository,0,0,2,0,4,2,0,0,-1.0,1,1
bulletJournal,com.bulletjournal.repository,NoteAuditableDaoJpa,1,0,2,2,14,3,0,0,0.0,0,2
bulletJournal,com.bulletjournal.repository,UserDaoJpa,9,0,13,13,111,18,0,0,0.0,29,11
bulletJournal,com.bulletjournal.repository,TransactionContentRepository,0,0,2,0,4,2,0,0,-1.0,1,1
bulletJournal,com.bulletjournal.repository,TransactionAuditableDaoJpa,1,0,2,2,14,3,0,0,0.0,1,3
bulletJournal,com.bulletjournal.repository,ProjectSettingRepository,0,0,1,0,3,1,0,0,-1.0,3,0
bulletJournal,com.bulletjournal.repository,BookingRepository,0,0,0,0,2,0,0,0,-1.0,1,0
bulletJournal,com.bulletjournal.repository,TaskAuditableDaoJpa,1,0,2,2,14,3,0,0,0.0,1,3
bulletJournal,com.bulletjournal.repository,TaskAuditableRepository,0,0,2,0,4,2,0,0,-1.0,1,1
bulletJournal,com.bulletjournal.repository,CompletedTaskRepository,0,0,7,0,9,7,0,0,-1.0,1,1
bulletJournal,com.bulletjournal.repository,BankAccountDaoJpa,6,0,7,7,80,13,0,0,0.0,4,10
bulletJournal,com.bulletjournal.repository,BookingDaoJpa,9,1,11,2,170,24,0,0,0.0,1,14
bulletJournal,com.bulletjournal.repository,TaskRepositoryImpl,1,0,2,2,17,4,0,1,0.0,0,1
bulletJournal,com.bulletjournal.repository.models,UserGroupKey,2,0,8,8,31,10,0,0,0.25,2,1
bulletJournal,com.bulletjournal.repository.models,ContentModel,4,0,12,12,40,12,3,1,0.16666666666666666,0,3
bulletJournal,com.bulletjournal.repository.models,Label,2,0,5,5,19,5,0,3,0.0,0,0
bulletJournal,com.bulletjournal.repository.models,TaskAuditable,2,0,6,6,27,6,0,2,0.5,0,1
bulletJournal,com.bulletjournal.repository.models,Group,6,1,16,16,68,20,0,3,0.125,9,5
bulletJournal,com.bulletjournal.repository.models,SharedProjectItem,7,0,19,19,69,20,0,1,0.3684210526315789,1,3
bulletJournal,com.bulletjournal.repository.models,Booking,12,0,25,25,89,25,0,1,0.12,1,2
bulletJournal,com.bulletjournal.repository.models,OwnedModel,1,0,2,2,9,2,3,2,0.0,0,0
bulletJournal,com.bulletjournal.repository.models,DeviceToken,3,0,10,10,38,12,0,1,0.3,4,1
bulletJournal,com.bulletjournal.repository.models,PublicProjectItem,5,0,16,16,55,16,0,1,0.25,1,2
bulletJournal,com.bulletjournal.repository.models,Notification,9,0,21,21,79,21,0,1,0.14285714285714285,2,0
bulletJournal,com.bulletjournal.repository.models,CompletedTask,2,0,11,11,58,13,0,3,0.5454545454545454,1,2
bulletJournal,com.bulletjournal.repository.models,NoteAuditable,2,0,6,6,27,6,0,2,0.5,0,1
bulletJournal,com.bulletjournal.repository.models,User,17,0,39,39,143,42,0,2,0.4358974358974359,16,4
bulletJournal,com.bulletjournal.repository.models,ProjectItemAuditModel,6,0,13,13,47,13,3,1,0.0,0,0
bulletJournal,com.bulletjournal.repository.models,Auditable,7,0,17,17,70,17,0,1,0.17647058823529413,0,1
bulletJournal,com.bulletjournal.repository.models,NamedModel,1,0,5,5,22,8,4,1,0.4,1,1
bulletJournal,com.bulletjournal.repository.models,UserAlias,2,0,6,6,22,6,0,1,0.3333333333333333,1,0
bulletJournal,com.bulletjournal.repository.models,TaskModel,14,0,40,39,216,57,2,2,0.0,0,6
bulletJournal,com.bulletjournal.repository.models,BankAccountTransaction,4,0,7,7,45,8,0,2,0.2857142857142857,1,2
bulletJournal,com.bulletjournal.repository.models,UserGroup,4,0,13,13,50,15,0,0,0.15384615384615385,4,4
bulletJournal,com.bulletjournal.repository.models,UserProjects,3,0,8,8,34,8,0,1,0.5,0,0
bulletJournal,com.bulletjournal.repository.models,BankAccount,5,0,12,12,46,12,0,3,0.0,5,1
bulletJournal,com.bulletjournal.repository.models,TaskContent,2,0,8,8,27,8,0,2,0.5,0,1
bulletJournal,com.bulletjournal.repository.models,Note,3,0,9,9,38,9,0,2,0.3333333333333333,9,3
bulletJournal,com.bulletjournal.repository.models,ProjectTasks,2,0,6,6,24,6,0,1,0.5,0,0
bulletJournal,com.bulletjournal.repository.models,GoogleCredential,4,0,11,11,43,11,0,1,0.18181818181818182,1,0
bulletJournal,com.bulletjournal.repository.models,UserPointActivity,4,0,11,11,40,11,0,1,0.18181818181818182,1,0
bulletJournal,com.bulletjournal.repository.models,Task,5,0,15,15,66,18,0,3,0.4666666666666667,18,3
bulletJournal,com.bulletjournal.repository.models,BookingLink,17,0,36,36,131,36,0,1,0.08333333333333333,2,5
bulletJournal,com.bulletjournal.repository.models,Project,7,0,20,20,77,23,0,2,0.15,22,3
bulletJournal,com.bulletjournal.repository.models,TransactionAuditable,2,0,2,2,15,2,0,2,1.0,0,1
bulletJournal,com.bulletjournal.repository.models,TransactionContent,2,0,8,8,27,8,0,2,0.5,0,1
bulletJournal,com.bulletjournal.repository.models,GoogleCalendarProject,7,0,17,17,65,17,0,1,0.11764705882352941,2,1
bulletJournal,com.bulletjournal.repository.models,NoteContent,2,0,8,8,27,8,0,2,0.5,0,1
bulletJournal,com.bulletjournal.repository.models,ProjectItemModel,7,0,23,23,76,27,3,1,0.43478260869565216,7,3
bulletJournal,com.bulletjournal.repository.models,ProjectNotes,2,0,6,6,24,6,0,1,0.5,0,0
bulletJournal,com.bulletjournal.repository.models,AuditModel,2,0,6,4,22,6,18,0,0.0,0,0
bulletJournal,com.bulletjournal.repository.models,ProjectSetting,6,0,15,15,56,15,0,0,0.13333333333333333,2,1
bulletJournal,com.bulletjournal.repository.models,Transaction,14,0,36,36,132,37,0,2,0.19444444444444445,11,3
bulletJournal,com.bulletjournal.repository.auditing,NotificationEntityListeners,1,0,2,2,13,2,0,0,0.0,0,3
bulletJournal,com.bulletjournal.repository.auditing,TaskEntityListeners,1,0,1,1,7,1,0,0,0.0,0,2
bulletJournal,com.bulletjournal.repository.auditing,GroupEntityListeners,1,0,2,2,16,2,0,0,0.0,0,3
bulletJournal,com.bulletjournal.repository.auditing,UserGroupEntityListeners,1,0,3,2,13,3,0,0,0.0,0,3
bulletJournal,com.bulletjournal.repository.factory,ProjectItemDaos,1,0,2,2,9,2,0,0,0.0,4,3
bulletJournal,com.bulletjournal.repository.factory,Etaggable,0,0,2,0,4,2,0,0,-1.0,1,0
bulletJournal,com.bulletjournal.repository.factory,EtaggableDaos,1,0,2,2,9,2,0,0,0.0,1,2
bulletJournal,com.bulletjournal.calendars.google,WatchCalendarParams,1,0,2,2,9,2,0,0,0.0,0,0
bulletJournal,com.bulletjournal.calendars.google,Util,1,0,1,1,12,1,0,0,0.0,1,0
bulletJournal,com.bulletjournal.calendars.google,CreateGoogleCalendarEventsParams,2,0,4,4,16,4,0,0,0.5,0,0
bulletJournal,com.bulletjournal.calendars.google,GoogleCalendarEvent,4,0,13,13,50,13,0,0,0.23076923076923078,2,5
bulletJournal,com.bulletjournal.calendars.google,Converter,5,1,8,2,164,34,0,0,0.375,1,7
bulletJournal,com.bulletjournal.calendars.google,CalendarWatchedProject,2,0,6,6,22,6,0,0,0.3333333333333333,0,1
bulletJournal,com.bulletjournal.ledger,LedgerSummaryCalculator,7,0,10,7,143,26,0,0,0.4,1,3
bulletJournal,com.bulletjournal.ledger,Transactions,5,0,8,6,33,8,0,0,0.375,0,0
bulletJournal,com.bulletjournal.ledger,Total,2,0,0,0,4,0,0,0,-1.0,1,0
bulletJournal,com.bulletjournal.ledger,LedgerSummary,7,0,16,16,58,16,0,0,0.375,4,1
bulletJournal,com.bulletjournal.ledger,TransactionsSummary,10,0,22,22,86,22,0,0,0.09090909090909091,0,1
bulletJournal,com.bulletjournal.config,SpringFoxConfig,0,0,1,1,5,1,0,0,-1.0,0,0
bulletJournal,com.bulletjournal.config,GoogleCalConfig,3,0,3,3,14,3,0,0,1.0,2,0
bulletJournal,com.bulletjournal.config,RateConfig,3,0,6,6,23,6,0,0,0.5,2,0
bulletJournal,com.bulletjournal.config,GoogleMapsClientConfig,1,0,1,1,6,1,0,0,0.0,1,0
bulletJournal,com.bulletjournal.config,MDCConfig,2,0,4,4,16,4,0,0,0.5,2,0
bulletJournal,com.bulletjournal.config,SpringRedisConfig,2,0,4,4,16,4,0,0,0.5,1,0
bulletJournal,com.bulletjournal.config,VersionConfig,0,0,2,2,7,2,0,0,-1.0,2,0
bulletJournal,com.bulletjournal.config,SSOConfig,2,0,5,5,18,5,0,0,0.6,1,0
bulletJournal,com.bulletjournal.config,SpringESConfig,4,0,8,8,30,8,0,0,0.5,4,0
bulletJournal,com.bulletjournal.config,RedisConfig,1,0,2,1,12,2,0,0,0.0,1,1
bulletJournal,com.bulletjournal.config,ReminderConfig,5,0,11,11,40,11,0,0,0.0,1,0
bulletJournal,com.bulletjournal.config,DaemonClientConfig,1,0,2,2,9,2,0,0,0.0,1,0
bulletJournal,com.bulletjournal.config,AuthConfig,4,0,8,8,30,8,0,0,0.5,2,0
bulletJournal,com.bulletjournal.config,AWSConfig,4,0,8,8,30,8,0,0,0.5,1,0
bulletJournal,com.bulletjournal.config,ContentRevisionConfig,1,0,2,2,9,2,0,0,0.0,2,0
bulletJournal,com.bulletjournal.config,PaymentConfig,0,0,1,1,5,1,0,0,-1.0,1,0
bulletJournal,com.bulletjournal.config,NotificationConfig,4,0,9,9,34,9,0,0,0.5555555555555556,2,1
bulletJournal,com.bulletjournal.config,Cleaner,3,0,6,6,23,6,0,0,0.5,1,0
bulletJournal,com.bulletjournal.redis,RedisShareItemIdRepository,0,0,0,0,2,0,0,0,-1.0,1,0
bulletJournal,com.bulletjournal.redis,BankAccountBalanceRepository,0,0,0,0,2,0,0,0,-1.0,2,0
bulletJournal,com.bulletjournal.redis,FirstTimeUserRepository,0,0,0,0,2,0,0,0,-1.0,2,0
bulletJournal,com.bulletjournal.redis,RedisEtagDaoJpa,4,0,6,4,81,10,0,0,0.0,4,4
bulletJournal,com.bulletjournal.redis,RedisLockedIPRepository,0,0,0,0,2,0,0,0,-1.0,3,0
bulletJournal,com.bulletjournal.redis,RedisNotificationRepository,0,0,0,0,2,0,0,0,-1.0,2,0
bulletJournal,com.bulletjournal.redis,RedisUserRepository,0,0,0,0,2,0,0,0,-1.0,3,0
bulletJournal,com.bulletjournal.redis,RedisEtagRepository,0,0,1,0,3,1,0,0,-1.0,1,0
bulletJournal,com.bulletjournal.redis,RedisLockedUserRepository,0,0,0,0,2,0,0,0,-1.0,4,0
bulletJournal,com.bulletjournal.redis,RedisUserAliasesRepository,0,0,0,0,2,0,0,0,-1.0,1,0
bulletJournal,com.bulletjournal.exceptions,ResourceNotFoundException,0,0,2,2,8,2,0,0,-1.0,0,0
bulletJournal,com.bulletjournal.exceptions,UnAuthorizedException,0,0,2,2,8,2,0,0,-1.0,0,0
bulletJournal,com.bulletjournal.exceptions,ResourceAlreadyExistException,0,0,2,2,8,2,0,0,-1.0,0,0
bulletJournal,com.bulletjournal.exceptions,BadRequestException,0,0,2,2,8,2,0,0,-1.0,0,0
bulletJournal,com.bulletjournal.controller.models.params,LockUserParams,3,0,8,8,30,8,0,0,0.25,0,0
bulletJournal,com.bulletjournal.controller.models.params,SetTaskStatusParams,2,0,5,5,18,5,0,0,0.6,0,0
bulletJournal,com.bulletjournal.controller.models.params,SetPointsParams,1,0,3,3,11,3,0,0,0.6666666666666666,0,0
bulletJournal,com.bulletjournal.controller.models.params,CreateProjectParams,4,0,10,10,38,10,0,0,0.2,3,0
bulletJournal,com.bulletjournal.controller.models.params,UpdateMyselfParams,5,0,15,15,52,15,0,0,0.3333333333333333,3,0
bulletJournal,com.bulletjournal.controller.models.params,CreateBankAccountParams,4,0,10,10,38,10,0,0,0.2,3,0
bulletJournal,com.bulletjournal.controller.models.params,BookParams,9,0,20,20,78,20,0,0,0.1,1,0
bulletJournal,com.bulletjournal.controller.models.params,UpdateLabelParams,2,0,8,8,28,8,0,0,0.25,2,0
bulletJournal,com.bulletjournal.controller.models.params,CreateContactTopicParams,3,0,7,7,25,7,0,0,0.5714285714285714,1,0
bulletJournal,com.bulletjournal.controller.models.params,AddUserGroupsParams,1,0,2,2,9,2,0,0,0.0,0,0
bulletJournal,com.bulletjournal.controller.models.params,AppInvitationParams,1,0,4,4,14,4,0,0,0.5,1,0
bulletJournal,com.bulletjournal.controller.models.params,AddUserGroupParams,2,0,6,6,22,6,0,0,0.3333333333333333,2,0
bulletJournal,com.bulletjournal.controller.models.params,ShareProjectItemParams,4,0,10,10,35,10,0,0,0.5,1,0
bulletJournal,com.bulletjournal.controller.models.params,UpdateNoteParams,3,0,11,11,38,11,0,0,0.2727272727272727,1,0
bulletJournal,com.bulletjournal.controller.models.params,CreateLabelParams,2,0,6,6,22,6,0,0,0.3333333333333333,1,0
bulletJournal,com.bulletjournal.controller.models.params,RemoveUserGroupParams,2,0,6,6,22,6,0,0,0.3333333333333333,0,0
bulletJournal,com.bulletjournal.controller.models.params,SaveCollabItemParams,4,0,8,8,30,8,0,0,0.5,0,0
bulletJournal,com.bulletjournal.controller.models.params,CancelBookingParams,1,0,4,4,14,4,0,0,0.5,0,0
bulletJournal,com.bulletjournal.controller.models.params,RemoveUserGroupsParams,1,0,2,2,9,2,0,0,0.0,0,0
bulletJournal,com.bulletjournal.controller.models.params,UpdateBookingLinkRecurrencesParams,2,0,6,6,22,6,0,0,0.3333333333333333,0,0
bulletJournal,com.bulletjournal.controller.models.params,MoveProjectItemParams,1,0,4,4,14,4,0,0,0.5,0,0
bulletJournal,com.bulletjournal.controller.models.params,RevokeProjectItemSharableParams,2,0,8,8,28,8,0,0,0.25,1,0
bulletJournal,com.bulletjournal.controller.models.params,CreatePaymentParams,2,0,4,4,16,4,0,0,0.5,1,0
bulletJournal,com.bulletjournal.controller.models.params,UnlockUserParams,2,0,6,6,22,6,0,0,0.3333333333333333,0,0
bulletJournal,com.bulletjournal.controller.models.params,UpdateTaskParams,10,0,33,33,122,34,0,0,0.06060606060606061,2,1
bulletJournal,com.bulletjournal.controller.models.params,ChangePointsParams,2,0,5,5,18,5,0,0,0.6,0,0
bulletJournal,com.bulletjournal.controller.models.params,SetRoleParams,1,0,4,4,14,4,0,0,0.5,0,0
bulletJournal,com.bulletjournal.controller.models.params,UpdateContentParams,2,0,6,6,21,6,0,0,0.5,3,0
bulletJournal,com.bulletjournal.controller.models.params,UpdateBankAccountParams,4,0,14,14,50,14,0,0,0.14285714285714285,3,0
bulletJournal,com.bulletjournal.controller.models.params,ExportProjectItemParams,2,0,5,5,18,5,1,0,0.6,0,0
bulletJournal,com.bulletjournal.controller.models.params,CreateNoteParams,3,0,8,8,28,8,0,0,0.5,2,0
bulletJournal,com.bulletjournal.controller.models.params,CreateTransactionParams,11,0,26,26,97,26,0,0,0.19230769230769232,3,0
bulletJournal,com.bulletjournal.controller.models.params,AddDeviceTokenParams,1,0,4,4,14,4,0,0,0.5,1,0
bulletJournal,com.bulletjournal.controller.models.params,ChangeAliasParams,1,0,4,4,14,4,0,0,0.5,2,0
bulletJournal,com.bulletjournal.controller.models.params,UpdateProjectParams,3,0,11,11,39,11,0,0,0.18181818181818182,2,0
bulletJournal,com.bulletjournal.controller.models.params,CreateBookingLinkParams,10,0,22,22,86,22,0,0,0.09090909090909091,1,0
bulletJournal,com.bulletjournal.controller.models.params,CreateGroupParams,1,0,4,4,14,4,0,0,0.5,1,0
bulletJournal,com.bulletjournal.controller.models.params,UpdateBookingLinkSlotParams,2,0,6,6,22,6,0,0,0.3333333333333333,0,1
bulletJournal,com.bulletjournal.controller.models.params,AnswerNotificationParams,1,0,4,4,14,4,0,0,0.5,1,0
bulletJournal,com.bulletjournal.controller.models.params,CreateTaskParams,10,0,29,29,112,30,0,0,0.06896551724137931,5,1
bulletJournal,com.bulletjournal.controller.models.params,UpdateGroupParams,1,0,5,5,17,5,0,0,0.4,1,0
bulletJournal,com.bulletjournal.controller.models.params,SetBankAccountBalanceParams,2,0,4,4,16,4,0,0,0.5,1,0
bulletJournal,com.bulletjournal.controller.models.params,UpdateTransactionParams,11,0,39,39,139,40,0,0,0.1282051282051282,1,0
bulletJournal,com.bulletjournal.controller.models.params,RevisionContentsParams,1,0,2,2,9,2,0,0,0.0,0,0
bulletJournal,com.bulletjournal.controller.models.params,ExportProjectItemAsEmailParams,3,0,8,8,28,8,0,1,0.5,0,0
bulletJournal,com.bulletjournal.controller.models.params,CreateContentParams,1,0,4,4,14,4,0,0,0.5,2,0
bulletJournal,com.bulletjournal.controller.models.params,UpdateSharedProjectsOrderParams,1,0,5,5,17,5,0,0,0.4,2,0
bulletJournal,com.bulletjournal.controller.models.params,UpdateBookingLinkParams,10,0,29,29,98,29,0,0,0.3793103448275862,1,0
bulletJournal,com.bulletjournal.controller.models.authz,Deletable,0,0,1,0,3,1,0,0,-1.0,0,0
bulletJournal,com.bulletjournal.controller.models.authz,Editable,0,0,1,0,3,1,0,0,-1.0,0,0
bulletJournal,com.bulletjournal.daemon,Cleaner,7,0,8,4,77,10,0,0,0.25,0,5
bulletJournal,com.bulletjournal.daemon,Reminder,11,0,15,5,166,29,0,0,0.0,2,9
bulletJournal,com.bulletjournal.daemon.models,ReminderRecord,2,0,10,10,38,12,0,0,0.0,2,1
bulletJournal,com.bulletjournal.templates.clients,StockApiClient,3,0,2,2,13,2,0,0,0.0,1,1
bulletJournal,com.bulletjournal.templates.repository,ChoiceMetadataKeywordDaoJpa,2,0,4,4,30,6,0,0,0.0,0,4
bulletJournal,com.bulletjournal.templates.repository,SampleTaskRuleRepository,0,0,5,0,7,5,0,0,-1.0,3,2
bulletJournal,com.bulletjournal.templates.repository,CategoriesHierarchyDaoJpa,2,0,3,3,23,5,0,0,0.0,2,2
bulletJournal,com.bulletjournal.templates.repository,CategoryRuleRepository,0,0,1,0,3,1,0,0,-1.0,1,0
bulletJournal,com.bulletjournal.templates.repository,SelectionMetadataKeywordDaoJpa,2,0,7,7,50,10,0,0,0.0,2,4
bulletJournal,com.bulletjournal.templates.repository,StepRepository,0,0,1,0,3,1,0,0,-1.0,3,0
bulletJournal,com.bulletjournal.templates.repository,StepMetadataKeywordRepository,0,0,0,0,2,0,0,0,-1.0,2,0
bulletJournal,com.bulletjournal.templates.repository,StepRuleRepository,0,0,1,0,3,1,0,0,-1.0,1,0
bulletJournal,com.bulletjournal.templates.repository,StockTickerDetailsDaoJpa,7,3,1,1,81,14,0,0,0.0,2,5
bulletJournal,com.bulletjournal.templates.repository,StepDaoJpa,5,0,11,10,80,16,0,0,0.0,5,7
bulletJournal,com.bulletjournal.templates.repository,StepMetadataKeywordDaoJpa,2,0,4,4,30,6,0,0,0.0,0,4
bulletJournal,com.bulletjournal.templates.repository,SampleTaskRepository,0,0,2,0,4,2,0,0,-1.0,1,0
bulletJournal,com.bulletjournal.templates.repository,SelectionIntroductionRepository,0,0,1,0,3,1,0,0,-1.0,1,0
bulletJournal,com.bulletjournal.templates.repository,RuleDaoJpa,4,0,11,11,85,15,0,0,0.0,3,8
bulletJournal,com.bulletjournal.templates.repository,ChoiceRepository,0,0,2,0,4,2,0,0,-1.0,2,0
bulletJournal,com.bulletjournal.templates.repository,UserSampleTaskDaoJpa,3,0,4,4,27,6,0,0,0.0,2,4
bulletJournal,com.bulletjournal.templates.repository,CategoryDaoJpa,8,0,11,9,166,29,0,0,0.0,5,11
bulletJournal,com.bulletjournal.templates.repository,StockTickerDetailsRepository,0,0,0,0,2,0,0,0,-1.0,3,0
bulletJournal,com.bulletjournal.templates.repository,SampleTaskNotificationsRepository,0,0,0,0,2,0,0,0,-1.0,2,0
bulletJournal,com.bulletjournal.templates.repository,SelectionDaoJpa,4,0,9,9,73,16,0,0,0.0,5,7
bulletJournal,com.bulletjournal.templates.repository,SampleTaskDaoJpa,15,0,14,11,219,42,0,0,0.14285714285714285,4,22
bulletJournal,com.bulletjournal.templates.repository,UserCategoryDaoJpa,7,0,9,8,100,19,0,0,0.0,3,14
bulletJournal,com.bulletjournal.templates.repository,UserSampleTaskRepository,0,0,1,0,3,1,0,0,-1.0,1,1
bulletJournal,com.bulletjournal.templates.repository,CategoryRepository,0,0,2,0,4,2,0,0,-1.0,3,0
bulletJournal,com.bulletjournal.templates.repository,SampleTaskRuleDaoJpa,4,0,6,4,54,12,0,0,0.0,3,4
bulletJournal,com.bulletjournal.templates.repository,CategoriesHierarchyRepository,0,0,1,0,3,1,0,0,-1.0,1,0
bulletJournal,com.bulletjournal.templates.repository,UserCategoryRepository,0,0,2,0,4,2,0,0,-1.0,1,1
bulletJournal,com.bulletjournal.templates.repository,SelectionMetadataKeywordRepository,0,0,3,0,5,3,0,0,-1.0,1,0
bulletJournal,com.bulletjournal.templates.repository,SelectionRepository,0,0,2,0,4,2,0,0,-1.0,3,1
bulletJournal,com.bulletjournal.templates.repository,ChoiceMetadataKeywordRepository,0,0,1,0,3,1,0,0,-1.0,2,1
bulletJournal,com.bulletjournal.templates.repository,ChoiceDaoJpa,1,0,7,7,42,10,0,0,0.0,5,3
bulletJournal,com.bulletjournal.templates.repository.utils,EarningUtil,1,0,2,2,52,9,0,1,1.0,0,1
bulletJournal,com.bulletjournal.templates.repository.utils,StringUtil,0,0,1,1,9,1,0,0,-1.0,2,0
bulletJournal,com.bulletjournal.templates.repository.utils,IPOUtil,1,0,2,2,30,5,0,1,1.0,0,2
bulletJournal,com.bulletjournal.templates.repository.utils,InvestmentUtil,3,0,8,7,114,26,3,0,0.75,1,2
bulletJournal,com.bulletjournal.templates.repository.utils,DividendsUtil,1,0,2,2,10,2,0,1,1.0,0,1
bulletJournal,com.bulletjournal.templates.repository.model,SelectionIntroduction,5,0,11,11,40,11,0,0,0.18181818181818182,1,1
bulletJournal,com.bulletjournal.templates.repository.model,UserCategoryKey,3,0,8,8,30,8,0,0,0.25,2,0
bulletJournal,com.bulletjournal.templates.repository.model,SampleTaskRuleId,2,0,6,6,22,6,0,0,0.3333333333333333,2,1
bulletJournal,com.bulletjournal.templates.repository.model,SampleTaskNotification,2,0,6,6,22,6,0,0,0.3333333333333333,0,0
bulletJournal,com.bulletjournal.templates.repository.model,SampleTaskRule,3,0,12,12,49,14,0,0,0.16666666666666666,2,3
bulletJournal,com.bulletjournal.templates.repository.model,Selection,5,0,14,14,53,14,0,0,0.14285714285714285,10,1
bulletJournal,com.bulletjournal.templates.repository.model,UserCategory,6,0,15,15,64,18,0,0,0.4666666666666667,1,6
bulletJournal,com.bulletjournal.templates.repository.model,Choice,6,0,20,20,79,23,0,0,0.2,11,1
bulletJournal,com.bulletjournal.templates.repository.model,Category,11,0,30,30,122,35,0,0,0.1,6,2
bulletJournal,com.bulletjournal.templates.repository.model,SelectionMetadataKeyword,3,0,7,7,26,7,0,0,0.0,3,1
bulletJournal,com.bulletjournal.templates.repository.model,ChoiceMetadataKeyword,2,0,5,5,19,5,0,0,0.0,1,1
bulletJournal,com.bulletjournal.templates.repository.model,CategoryRule,2,0,5,5,18,5,0,1,0.6,1,1
bulletJournal,com.bulletjournal.templates.repository.model,UserSampleTask,3,0,8,8,30,8,0,0,0.25,0,3
bulletJournal,com.bulletjournal.templates.repository.model,StockTickerDetails,5,0,13,13,92,24,0,0,0.15384615384615385,1,2
bulletJournal,com.bulletjournal.templates.repository.model,StepRule,2,0,5,5,18,5,0,1,0.6,2,1
bulletJournal,com.bulletjournal.templates.repository.model,Step,7,0,20,20,100,26,0,0,0.2,11,3
bulletJournal,com.bulletjournal.templates.repository.model,StepMetadataKeyword,2,0,5,5,19,5,0,0,0.0,1,1
bulletJournal,com.bulletjournal.templates.repository.model,SampleTask,12,0,28,28,98,28,0,0,0.07142857142857142,4,0
bulletJournal,com.bulletjournal.templates.repository.model,UserSampleTaskKey,2,0,6,6,22,6,0,0,0.3333333333333333,2,0
bulletJournal,com.bulletjournal.templates.repository.model,Rule,3,0,8,8,30,8,2,0,0.375,1,2
bulletJournal,com.bulletjournal.templates.repository.model,CategoriesHierarchy,2,0,8,8,30,10,0,0,0.25,4,1
bulletJournal,com.bulletjournal.templates.config,StockApiConfig,0,0,1,1,5,1,0,0,-1.0,1,0
bulletJournal,com.bulletjournal.templates.redis,RedisSampleTasksRepository,0,0,0,0,2,0,0,0,-1.0,1,0
bulletJournal,com.bulletjournal.templates.controller,StepController,9,5,10,9,55,11,0,0,0.0,1,5
bulletJournal,com.bulletjournal.templates.controller,ChoiceController,6,4,7,6,42,8,0,0,0.0,0,6
bulletJournal,com.bulletjournal.templates.controller,CategoryController,12,6,11,10,90,14,0,0,0.18181818181818182,2,10
bulletJournal,com.bulletjournal.templates.controller,WorkflowController,29,17,23,18,299,63,0,0,0.0,3,28
bulletJournal,com.bulletjournal.templates.controller,SelectionController,8,6,10,9,57,11,0,0,0.0,0,4
bulletJournal,com.bulletjournal.templates.controller,StockController,4,2,2,2,13,2,0,0,1.0,0,2
bulletJournal,com.bulletjournal.templates.controller,MetadataController,13,6,13,12,78,14,0,0,0.0,0,2
bulletJournal,com.bulletjournal.templates.controller,RuleController,4,2,5,4,66,16,0,0,0.0,1,5
bulletJournal,com.bulletjournal.templates.controller.model,UpdateStepParams,2,0,4,4,16,4,0,0,0.5,2,0
bulletJournal,com.bulletjournal.templates.controller.model,SelectionIntroduction,4,0,10,10,38,10,0,0,0.2,0,1
bulletJournal,com.bulletjournal.templates.controller.model,CreateSelectionParams,2,0,5,5,20,5,0,0,0.0,0,0
bulletJournal,com.bulletjournal.templates.controller.model,CreateSelectionMetadataParams,3,0,8,8,30,8,0,0,0.25,0,0
bulletJournal,com.bulletjournal.templates.controller.model,SampleTaskView,2,0,6,6,22,6,0,0,0.3333333333333333,0,2
bulletJournal,com.bulletjournal.templates.controller.model,UpdateRuleParams,6,0,12,12,44,12,0,0,0.5,1,0
bulletJournal,com.bulletjournal.templates.controller.model,CreateChoiceMetadataParams,2,0,6,6,22,6,0,0,0.3333333333333333,0,0
bulletJournal,com.bulletjournal.templates.controller.model,NextStep,3,0,6,6,23,6,0,0,0.5,1,1
bulletJournal,com.bulletjournal.templates.controller.model,SelectionMetadata,3,0,8,8,30,8,0,0,0.25,0,1
bulletJournal,com.bulletjournal.templates.controller.model,AuditSampleTaskParams,2,0,6,6,22,6,0,0,0.3333333333333333,2,0
bulletJournal,com.bulletjournal.templates.controller.model,StepMetadata,2,0,6,6,22,6,0,0,0.3333333333333333,0,1
bulletJournal,com.bulletjournal.templates.controller.model,ImportTasksParams,4,0,8,8,30,8,0,1,0.5,1,0
bulletJournal,com.bulletjournal.templates.controller.model,CreateChoiceParams,3,0,7,7,28,7,0,0,0.0,1,0
bulletJournal,com.bulletjournal.templates.controller.model,UpdateStepMetadataKeywordsParams,1,0,4,4,14,4,0,0,0.5,0,0
bulletJournal,com.bulletjournal.templates.controller.model,CreateStepMetadataParams,2,0,6,6,22,6,0,0,0.3333333333333333,0,0
bulletJournal,com.bulletjournal.templates.controller.model,UpdateSampleTaskParams,7,0,14,14,54,15,0,0,0.5,2,0
bulletJournal,com.bulletjournal.templates.controller.model,CreateSampleTaskParams,5,0,10,10,40,11,0,0,0.5,2,0
bulletJournal,com.bulletjournal.templates.controller.model,SampleTaskRule,3,0,8,8,30,8,1,0,0.25,2,1
bulletJournal,com.bulletjournal.templates.controller.model,Selection,4,0,11,11,43,11,0,0,0.18181818181818182,7,1
bulletJournal,com.bulletjournal.templates.controller.model,UpdateSelectionParams,2,0,5,5,20,5,0,0,0.0,0,0
bulletJournal,com.bulletjournal.templates.controller.model,UpdateCategoryParams,8,0,16,16,58,16,0,0,0.5,0,0
bulletJournal,com.bulletjournal.templates.controller.model,UpsertSampleTaskRuleParams,3,0,7,7,28,7,0,0,0.0,1,0
bulletJournal,com.bulletjournal.templates.controller.model,Choice,7,0,19,19,75,19,0,0,0.15789473684210525,5,0
bulletJournal,com.bulletjournal.templates.controller.model,UpdateSelectionMetadataKeywordsParams,2,0,6,6,22,6,0,0,0.3333333333333333,0,0
bulletJournal,com.bulletjournal.templates.controller.model,Category,12,0,35,35,155,37,0,0,0.05714285714285714,8,1
bulletJournal,com.bulletjournal.templates.controller.model,CategoryUnsubscribeParams,1,0,4,4,14,4,0,0,0.5,1,0
bulletJournal,com.bulletjournal.templates.controller.model,SubscribedCategory,3,0,10,10,42,12,0,0,0.2,0,3
bulletJournal,com.bulletjournal.templates.controller.model,CategorySteps,3,0,6,6,23,6,0,0,0.5,1,0
bulletJournal,com.bulletjournal.templates.controller.model,Steps,2,0,6,6,22,6,0,0,0.3333333333333333,0,0
bulletJournal,com.bulletjournal.templates.controller.model,UpdateSelectionIntroductionParams,3,0,8,8,30,8,0,0,0.25,0,0
bulletJournal,com.bulletjournal.templates.controller.model,UpdateChoiceParams,3,0,7,7,25,7,0,0,0.5714285714285714,1,0
bulletJournal,com.bulletjournal.templates.controller.model,RemoveUserSampleTasksParams,7,0,16,16,56,16,1,0,0.5,3,0
bulletJournal,com.bulletjournal.templates.controller.model,ChoiceMetadata,2,0,6,6,22,6,0,0,0.3333333333333333,0,1
bulletJournal,com.bulletjournal.templates.controller.model,UpdateSampleTaskContentParams,1,0,2,2,9,2,0,0,0.0,1,0
bulletJournal,com.bulletjournal.templates.controller.model,StockTickerDetails,20,0,43,43,171,43,0,0,0.046511627906976744,6,1
bulletJournal,com.bulletjournal.templates.controller.model,CreateSelectionIntroductionParams,3,0,8,8,30,8,0,0,0.25,0,0
bulletJournal,com.bulletjournal.templates.controller.model,UpdateCategorySubscriptionParams,2,0,6,6,22,6,0,0,0.3333333333333333,1,0
bulletJournal,com.bulletjournal.templates.controller.model,SampleTaskRuleView,2,0,8,8,31,8,0,1,0.5,0,3
bulletJournal,com.bulletjournal.templates.controller.model,CreateCategoryParams,8,0,18,18,65,18,0,0,0.3888888888888889,0,0
bulletJournal,com.bulletjournal.templates.controller.model,Step,5,0,13,13,50,13,0,0,0.15384615384615385,7,0
bulletJournal,com.bulletjournal.templates.controller.model,CreateStepParams,2,0,4,4,16,4,0,0,0.5,1,0
bulletJournal,com.bulletjournal.templates.controller.model,SampleTasks,2,0,8,8,31,10,0,0,0.25,2,1
bulletJournal,com.bulletjournal.templates.controller.model,CreateRuleParams,6,0,12,12,44,12,0,0,0.5,1,0
bulletJournal,com.bulletjournal.templates.controller.model,UpdateChoiceMetadataKeywordsParams,1,0,4,4,14,4,0,0,0.5,0,0
bulletJournal,com.bulletjournal.templates.controller.model,SampleTask,12,0,27,27,104,27,0,0,0.1111111111111111,7,1
bulletJournal,com.bulletjournal.templates.controller.model,Rule,7,0,16,16,62,16,0,0,0.125,0,2
bulletJournal,com.bulletjournal.templates.workflow.engine,RuleEngine,11,0,5,4,141,26,0,0,0.6,1,8
bulletJournal,com.bulletjournal.authz,AuthorizationService,4,2,16,8,187,56,0,0,0.125,25,5
bulletJournal,com.bulletjournal.es.repository,SearchIndexDaoJpa,17,1,10,8,111,13,0,0,0.4,5,4
bulletJournal,com.bulletjournal.es.repository.models,SearchIndex,5,0,10,10,37,10,0,0,0.5,2,0
bulletJournal,com.bulletjournal.es,ESUtil,2,0,4,3,38,5,0,0,0.75,8,3
bulletJournal,com.bulletjournal,BulletjournalApplication,0,0,1,1,5,1,0,0,-1.0,1,1
bulletJournal,com.bulletjournal.messaging,MessagingService,34,11,19,11,333,54,0,0,0.10526315789473684,10,9
bulletJournal,com.bulletjournal.messaging,FreeMarkerClient,13,0,8,5,157,17,0,0,0.0,3,5
bulletJournal,com.bulletjournal.messaging,OpenHtmlConverter,2,0,5,4,44,5,0,0,0.0,4,1
bulletJournal,com.bulletjournal.messaging.mailjet,MailjetEmailClient,13,0,7,4,111,17,0,0,0.2857142857142857,3,1
bulletJournal,com.bulletjournal.messaging.mailjet,MailjetEmailParams,5,0,13,13,53,14,0,0,0.0,3,1
bulletJournal,com.bulletjournal.messaging.firebase,FcmClient,8,0,7,5,89,17,0,0,0.2857142857142857,2,2
bulletJournal,com.bulletjournal.messaging.firebase,FcmMessageParams,4,0,11,11,46,12,0,0,0.0,2,0
