Project Name,Package Name,Type Name,Code Smell
BulletJournal,com.bulletjournal.clients,UserClientTests,Unutilized Abstraction
BulletJournal,com.bulletjournal.clients,ESClient,Unutilized Abstraction
BulletJournal,com.bulletjournal.clients,PickAvatarParams,Unutilized Abstraction
BulletJournal,com.bulletjournal.clients,GoogleMapsClient,Unutilized Abstraction
BulletJournal,com.bulletjournal.clients,CreateTopicParams,Unutilized Abstraction
BulletJournal,com.bulletjournal.clients,UserClient,Deficient Encapsulation
BulletJournal,com.bulletjournal.clients,UserClient,Cyclic-Dependent Modularization
BulletJournal,com.bulletjournal.repository.utils,DaoHelperTest,Unutilized Abstraction
BulletJournal,com.bulletjournal.repository.utils,RecurrenceRuleTest,Unutilized Abstraction
BulletJournal,com.bulletjournal.repository.utils,BookingLinkConverter,Unnecessary Abstraction
BulletJournal,com.bulletjournal.repository.utils,BookingLinkConverter,Unutilized Abstraction
BulletJournal,com.bulletjournal.repository.utils,GoogleCalendarDataStore,Unutilized Abstraction
BulletJournal,com.bulletjournal.repository.utils,StringArrayType,Deficient Encapsulation
BulletJournal,com.bulletjournal.repository.utils,LongArrayType,Deficient Encapsulation
BulletJournal,com.bulletjournal.repository.utils,StringArrayTypeDescriptor,Deficient Encapsulation
BulletJournal,com.bulletjournal.repository.utils,LongArrayTypeDescriptor,Deficient Encapsulation
BulletJournal,com.bulletjournal.repository.utils,GoogleCalendarDataStoreFactory,Unutilized Abstraction
BulletJournal,com.bulletjournal.repository.utils,DaoHelper,Cyclic-Dependent Modularization
BulletJournal,com.bulletjournal.hierarchy,TaskRelationsProcessor,Cyclic-Dependent Modularization
BulletJournal,com.bulletjournal.hierarchy,HierarchyItem,Deficient Encapsulation
BulletJournal,com.bulletjournal.hierarchy,HierarchyProcessor,Deficient Encapsulation
BulletJournal,com.bulletjournal.hierarchy,ProjectRelationsProcessor,Cyclic-Dependent Modularization
BulletJournal,com.bulletjournal.util,DeltaContentTest,Unutilized Abstraction
BulletJournal,com.bulletjournal.util,ContentDiffToolTest,Unutilized Abstraction
BulletJournal,com.bulletjournal.util,DeltaConverterTest,Unutilized Abstraction
BulletJournal,com.bulletjournal.util,StringUtil,Deficient Encapsulation
BulletJournal,com.bulletjournal.util,CustomThreadFactory,Unutilized Abstraction
BulletJournal,com.bulletjournal.util,EmojiRuleProvider,Unnecessary Abstraction
BulletJournal,com.bulletjournal.util,EmojiRuleProvider,Deficient Encapsulation
BulletJournal,com.bulletjournal.util,DeltaContent,Deficient Encapsulation
BulletJournal,com.bulletjournal.util,WebToMobile,Unutilized Abstraction
BulletJournal,com.bulletjournal.redis.models,EtagTypeTest,Unutilized Abstraction
BulletJournal,com.bulletjournal.redis.models,UserAliases,Unutilized Abstraction
BulletJournal,com.bulletjournal.redis.models,BankAccountBalance,Unutilized Abstraction
BulletJournal,com.bulletjournal.redis.models,FirstTimeUser,Unutilized Abstraction
BulletJournal,com.bulletjournal.controller,TaskControllerTest,Unutilized Abstraction
BulletJournal,com.bulletjournal.controller,ProjectItemControllerTest,Unutilized Abstraction
BulletJournal,com.bulletjournal.controller,BankAccountControllerTest,Unutilized Abstraction
BulletJournal,com.bulletjournal.controller,GoogleCalendarControllerTest,Unutilized Abstraction
BulletJournal,com.bulletjournal.controller,ProjectControllerTest,Unutilized Abstraction
BulletJournal,com.bulletjournal.controller,ProjectControllerTest,Insufficient Modularization
BulletJournal,com.bulletjournal.controller,UserControllerTest,Unutilized Abstraction
BulletJournal,com.bulletjournal.controller,TransactionControllerTest,Unutilized Abstraction
BulletJournal,com.bulletjournal.controller,BookingLinkControllerTest,Unutilized Abstraction
BulletJournal,com.bulletjournal.controller,DeviceControllerTest,Unutilized Abstraction
BulletJournal,com.bulletjournal.controller,SystemControllerTest,Unutilized Abstraction
BulletJournal,com.bulletjournal.controller,QueryControllerTest,Unutilized Abstraction
BulletJournal,com.bulletjournal.controller,RateFilterTest,Unutilized Abstraction
BulletJournal,com.bulletjournal.controller,AdminController,Unutilized Abstraction
BulletJournal,com.bulletjournal.controller,AdminController,Deficient Encapsulation
BulletJournal,com.bulletjournal.controller,NoteController,Insufficient Modularization
BulletJournal,com.bulletjournal.controller,ProjectItemController,Deficient Encapsulation
BulletJournal,com.bulletjournal.controller,TaskController,Deficient Encapsulation
BulletJournal,com.bulletjournal.controller,TaskController,Insufficient Modularization
BulletJournal,com.bulletjournal.controller,SystemController,Deficient Encapsulation
BulletJournal,com.bulletjournal.controller,FileController,Unutilized Abstraction
BulletJournal,com.bulletjournal.controller,GoogleCalendarController,Deficient Encapsulation
BulletJournal,com.bulletjournal.controller,TransactionController,Insufficient Modularization
BulletJournal,com.bulletjournal.controller,BookingLinksController,Deficient Encapsulation
BulletJournal,com.bulletjournal.controller,PaymentController,Unutilized Abstraction
BulletJournal,com.bulletjournal.controller,GroupController,Deficient Encapsulation
BulletJournal,com.bulletjournal.controller,UserController,Deficient Encapsulation
BulletJournal,com.bulletjournal.controller.utils,ProjectItemsGrouperTest,Unutilized Abstraction
BulletJournal,com.bulletjournal.controller.utils,ZonedDateTimeHelperTest,Unutilized Abstraction
BulletJournal,com.bulletjournal.controller.utils,ZonedDateTimeHelper,Deficient Encapsulation
BulletJournal,com.bulletjournal.controller.utils,ZonedDateTimeHelper,Insufficient Modularization
BulletJournal,com.bulletjournal.controller.utils,ProjectItemsGrouper,Deficient Encapsulation
BulletJournal,com.bulletjournal.controller.utils,ProjectItemsGrouper,Cyclic-Dependent Modularization
BulletJournal,com.bulletjournal.controller.models,TaskViewTest,Unutilized Abstraction
BulletJournal,com.bulletjournal.controller.models,TaskStubNullDueDate,Unutilized Abstraction
BulletJournal,com.bulletjournal.controller.models,TaskStubNullDueDate,Broken Hierarchy
BulletJournal,com.bulletjournal.controller.models,TaskStubNullDueTime,Unutilized Abstraction
BulletJournal,com.bulletjournal.controller.models,TaskStubNullDuration,Unutilized Abstraction
BulletJournal,com.bulletjournal.controller.models,TaskStub,Unutilized Abstraction
BulletJournal,com.bulletjournal.controller.models,TransactionViewTest,Unutilized Abstraction
BulletJournal,com.bulletjournal.controller.models,TransactionStub,Unutilized Abstraction
BulletJournal,com.bulletjournal.controller.models,LoginStatus,Unutilized Abstraction
BulletJournal,com.bulletjournal.controller.models,Myself,Unutilized Abstraction
BulletJournal,com.bulletjournal.controller.models,Myself,Broken Hierarchy
BulletJournal,com.bulletjournal.controller.models,Myself,Insufficient Modularization
BulletJournal,com.bulletjournal.controller.models,Group,Cyclic-Dependent Modularization
BulletJournal,com.bulletjournal.controller.models,UserTaskStatistic,Unutilized Abstraction
BulletJournal,com.bulletjournal.controller.models,Booking,Insufficient Modularization
BulletJournal,com.bulletjournal.controller.models,ProjectDetails,Broken Hierarchy
BulletJournal,com.bulletjournal.controller.models,Notification,Insufficient Modularization
BulletJournal,com.bulletjournal.controller.models,ProjectItem,Unexploited Encapsulation
BulletJournal,com.bulletjournal.controller.models,ProjectItem,Missing Hierarchy
BulletJournal,com.bulletjournal.controller.models,ProjectItem,Cyclic-Dependent Modularization
BulletJournal,com.bulletjournal.controller.models,ProjectItem,Insufficient Modularization
BulletJournal,com.bulletjournal.controller.models,BankAccount,Cyclic-Dependent Modularization
BulletJournal,com.bulletjournal.controller.models,BankAccount,Insufficient Modularization
BulletJournal,com.bulletjournal.controller.models,Projects,Cyclic-Dependent Modularization
BulletJournal,com.bulletjournal.controller.models,Note,Cyclic-Dependent Modularization
BulletJournal,com.bulletjournal.controller.models,SlotEvent,Unutilized Abstraction
BulletJournal,com.bulletjournal.controller.models,ProjectsWithOwner,Cyclic-Dependent Modularization
BulletJournal,com.bulletjournal.controller.models,Task,Cyclic-Dependent Modularization
BulletJournal,com.bulletjournal.controller.models,Task,Insufficient Modularization
BulletJournal,com.bulletjournal.controller.models,BookingLink,Insufficient Modularization
BulletJournal,com.bulletjournal.controller.models,Project,Cyclic-Dependent Modularization
BulletJournal,com.bulletjournal.controller.models,Project,Insufficient Modularization
BulletJournal,com.bulletjournal.controller.models,SampleTask,Cyclic-Dependent Modularization
BulletJournal,com.bulletjournal.controller.models,Error,Unutilized Abstraction
BulletJournal,com.bulletjournal.controller.models,SystemUpdates,Unutilized Abstraction
BulletJournal,com.bulletjournal.controller.models,SharableLink,Deficient Encapsulation
BulletJournal,com.bulletjournal.controller.models,ProjectItemActivity,Unutilized Abstraction
BulletJournal,com.bulletjournal.controller.models,Content,Insufficient Modularization
BulletJournal,com.bulletjournal.controller.models,Transaction,Cyclic-Dependent Modularization
BulletJournal,com.bulletjournal.controller.models,Transaction,Insufficient Modularization
BulletJournal,com.bulletjournal.templates,WorkflowControllerTest,Unutilized Abstraction
BulletJournal,com.bulletjournal.templates,CategoryControllerTest,Unutilized Abstraction
BulletJournal,com.bulletjournal.templates.workflow.models,RuleExpressionTest,Unutilized Abstraction
BulletJournal,com.bulletjournal.templates.workflow.models,Criteria,Unutilized Abstraction
BulletJournal,com.bulletjournal.templates.workflow.models,FlowStep,Unutilized Abstraction
BulletJournal,com.bulletjournal.templates.workflow.models,CategoryStep,Unutilized Abstraction
BulletJournal,com.bulletjournal.templates.workflow.models,CategoryStep,Broken Hierarchy
BulletJournal,com.bulletjournal.templates.workflow.models,Step,Unutilized Abstraction
BulletJournal,com.bulletjournal.templates.workflow.models,AdminStep,Unutilized Abstraction
BulletJournal,com.bulletjournal.templates.resourcefinder,LeetCodeAnalyzer,Unutilized Abstraction
BulletJournal,com.bulletjournal.notifications,MockSearchIndexDaoJpa,Unnecessary Abstraction
BulletJournal,com.bulletjournal.notifications,NotificationServiceTest,Unutilized Abstraction
BulletJournal,com.bulletjournal.notifications,ProjectItemAuditable,Deficient Encapsulation
BulletJournal,com.bulletjournal.notifications,ProjectItemAuditable,Cyclic-Dependent Modularization
BulletJournal,com.bulletjournal.notifications,Remindable,Cyclic-Dependent Modularization
BulletJournal,com.bulletjournal.notifications,NotificationService,Cyclic-Dependent Modularization
BulletJournal,com.bulletjournal.notifications,SampleProjectsCreation,Cyclic-Dependent Modularization
BulletJournal,com.bulletjournal.notifications.informed,CreateProjectEvent,Unutilized Abstraction
BulletJournal,com.bulletjournal.notifications.informed,RemoveTransactionEvent,Unutilized Abstraction
BulletJournal,com.bulletjournal.notifications.informed,RemoveUserFromGroupEvent,Unutilized Abstraction
BulletJournal,com.bulletjournal.notifications.informed,RemoveNoteEvent,Unutilized Abstraction
BulletJournal,com.bulletjournal.notifications.informed,SetLabelEvent,Unutilized Abstraction
BulletJournal,com.bulletjournal.notifications.informed,Informed,Wide Hierarchy
BulletJournal,com.bulletjournal.notifications.informed,Informed,Cyclic-Dependent Modularization
BulletJournal,com.bulletjournal.notifications.informed,RequestProjectItemWriteAccessResponseEvent,Unutilized Abstraction
BulletJournal,com.bulletjournal.notifications.informed,JoinProjectEvent,Unutilized Abstraction
BulletJournal,com.bulletjournal.notifications.informed,RevokeSharableEvent,Unutilized Abstraction
BulletJournal,com.bulletjournal.notifications.informed,SetTaskStatusEvent,Unutilized Abstraction
BulletJournal,com.bulletjournal.notifications.informed,DisableGroupShareEvent,Unutilized Abstraction
BulletJournal,com.bulletjournal.notifications.informed,UpdateTaskAssigneeEvent,Unutilized Abstraction
BulletJournal,com.bulletjournal.notifications.informed,ShareGroupEvent,Unutilized Abstraction
BulletJournal,com.bulletjournal.notifications.informed,RemoveTaskEvent,Unutilized Abstraction
BulletJournal,com.bulletjournal.notifications.informed,RemoveFromProjectEvent,Unutilized Abstraction
BulletJournal,com.bulletjournal.notifications.informed,JoinGroupEvent,Unutilized Abstraction
BulletJournal,com.bulletjournal.notifications.informed,NewAdminSampleTaskEvent,Unutilized Abstraction
BulletJournal,com.bulletjournal.notifications.informed,UpdateTransactionPayerEvent,Unutilized Abstraction
BulletJournal,com.bulletjournal.notifications.informed,DeleteGroupEvent,Unutilized Abstraction
BulletJournal,com.bulletjournal.notifications.informed,RemoveProjectEvent,Unutilized Abstraction
BulletJournal,com.bulletjournal.notifications.informed,InviteToJoinGroupEvent,Unutilized Abstraction
BulletJournal,com.bulletjournal.notifications.informed,NewSampleTaskEvent,Unutilized Abstraction
BulletJournal,com.bulletjournal.filters,MDCFilter,Unutilized Abstraction
BulletJournal,com.bulletjournal.filters,RateFilter,Unutilized Abstraction
BulletJournal,com.bulletjournal.repository,TransactionRepositoryCustom,Unutilized Abstraction
BulletJournal,com.bulletjournal.repository,BankAccountTransactionRepository,Cyclic-Dependent Modularization
BulletJournal,com.bulletjournal.repository,TaskContentRepository,Cyclic-Dependent Modularization
BulletJournal,com.bulletjournal.repository,NoteRepositoryImpl,Unutilized Abstraction
BulletJournal,com.bulletjournal.repository,SharedProjectItemRepository,Unutilized Abstraction
BulletJournal,com.bulletjournal.repository,SharedProjectItemRepository,Cyclic-Dependent Modularization
BulletJournal,com.bulletjournal.repository,NotificationDaoJpa,Cyclic-Dependent Modularization
BulletJournal,com.bulletjournal.repository,ProjectItemDaoJpa,Insufficient Modularization
BulletJournal,com.bulletjournal.repository,NoteRepositoryCustom,Unutilized Abstraction
BulletJournal,com.bulletjournal.repository,TaskDaoJpa,Cyclic-Dependent Modularization
BulletJournal,com.bulletjournal.repository,TaskDaoJpa,Insufficient Modularization
BulletJournal,com.bulletjournal.repository,NoteRepository,Unutilized Abstraction
BulletJournal,com.bulletjournal.repository,NoteRepository,Cyclic-Dependent Modularization
BulletJournal,com.bulletjournal.repository,ProjectSettingDaoJpa,Cyclic-Dependent Modularization
BulletJournal,com.bulletjournal.repository,TransactionRepositoryImpl,Unutilized Abstraction
BulletJournal,com.bulletjournal.repository,UserAliasDaoJpa,Cyclic-Dependent Modularization
BulletJournal,com.bulletjournal.repository,ProjectDaoJpa,Cyclic-Dependent Modularization
BulletJournal,com.bulletjournal.repository,ProjectTasksRepository,Unnecessary Abstraction
BulletJournal,com.bulletjournal.repository,TransactionDaoJpa,Cyclic-Dependent Modularization
BulletJournal,com.bulletjournal.repository,TransactionDaoJpa,Insufficient Modularization
BulletJournal,com.bulletjournal.repository,SharedProjectItemRepositoryCustom,Unutilized Abstraction
BulletJournal,com.bulletjournal.repository,ProjectNotesRepository,Unnecessary Abstraction
BulletJournal,com.bulletjournal.repository,GroupDaoJpa,Cyclic-Dependent Modularization
BulletJournal,com.bulletjournal.repository,UserProjectsRepository,Unnecessary Abstraction
BulletJournal,com.bulletjournal.repository,SharedProjectItemDaoJpa,Cyclic-Dependent Modularization
BulletJournal,com.bulletjournal.repository,BookingLinkDaoJpa,Unutilized Abstraction
BulletJournal,com.bulletjournal.repository,TaskRepository,Unutilized Abstraction
BulletJournal,com.bulletjournal.repository,TaskRepository,Cyclic-Dependent Modularization
BulletJournal,com.bulletjournal.repository,TransactionRepository,Unutilized Abstraction
BulletJournal,com.bulletjournal.repository,TransactionRepository,Cyclic-Dependent Modularization
BulletJournal,com.bulletjournal.repository,SharedProjectItemRepositoryImpl,Unutilized Abstraction
BulletJournal,com.bulletjournal.repository,LabelDaoJpa,Cyclic-Dependent Modularization
BulletJournal,com.bulletjournal.repository,UserAliasRepository,Unnecessary Abstraction
BulletJournal,com.bulletjournal.repository,TaskRepositoryCustom,Unutilized Abstraction
BulletJournal,com.bulletjournal.repository,NoteAuditableDaoJpa,Unutilized Abstraction
BulletJournal,com.bulletjournal.repository,UserDaoJpa,Cyclic-Dependent Modularization
BulletJournal,com.bulletjournal.repository,TransactionContentRepository,Cyclic-Dependent Modularization
BulletJournal,com.bulletjournal.repository,BookingRepository,Unnecessary Abstraction
BulletJournal,com.bulletjournal.repository,CompletedTaskRepository,Cyclic-Dependent Modularization
BulletJournal,com.bulletjournal.repository,BankAccountDaoJpa,Cyclic-Dependent Modularization
BulletJournal,com.bulletjournal.repository,BookingDaoJpa,Deficient Encapsulation
BulletJournal,com.bulletjournal.repository,TaskRepositoryImpl,Unutilized Abstraction
BulletJournal,com.bulletjournal.repository.models,ContentModel,Unutilized Abstraction
BulletJournal,com.bulletjournal.repository.models,ContentModel,Broken Hierarchy
BulletJournal,com.bulletjournal.repository.models,Label,Unutilized Abstraction
BulletJournal,com.bulletjournal.repository.models,Label,Broken Hierarchy
BulletJournal,com.bulletjournal.repository.models,TaskAuditable,Unutilized Abstraction
BulletJournal,com.bulletjournal.repository.models,TaskAuditable,Broken Hierarchy
BulletJournal,com.bulletjournal.repository.models,Group,Unutilized Abstraction
BulletJournal,com.bulletjournal.repository.models,Group,Deficient Encapsulation
BulletJournal,com.bulletjournal.repository.models,Group,Broken Hierarchy
BulletJournal,com.bulletjournal.repository.models,Group,Cyclic-Dependent Modularization
BulletJournal,com.bulletjournal.repository.models,SharedProjectItem,Unutilized Abstraction
BulletJournal,com.bulletjournal.repository.models,SharedProjectItem,Broken Hierarchy
BulletJournal,com.bulletjournal.repository.models,Booking,Unutilized Abstraction
BulletJournal,com.bulletjournal.repository.models,Booking,Broken Hierarchy
BulletJournal,com.bulletjournal.repository.models,Booking,Insufficient Modularization
BulletJournal,com.bulletjournal.repository.models,OwnedModel,Unutilized Abstraction
BulletJournal,com.bulletjournal.repository.models,OwnedModel,Broken Hierarchy
BulletJournal,com.bulletjournal.repository.models,DeviceToken,Unutilized Abstraction
BulletJournal,com.bulletjournal.repository.models,DeviceToken,Broken Hierarchy
BulletJournal,com.bulletjournal.repository.models,PublicProjectItem,Unutilized Abstraction
BulletJournal,com.bulletjournal.repository.models,PublicProjectItem,Broken Hierarchy
BulletJournal,com.bulletjournal.repository.models,Notification,Unutilized Abstraction
BulletJournal,com.bulletjournal.repository.models,Notification,Broken Hierarchy
BulletJournal,com.bulletjournal.repository.models,Notification,Insufficient Modularization
BulletJournal,com.bulletjournal.repository.models,CompletedTask,Unutilized Abstraction
BulletJournal,com.bulletjournal.repository.models,CompletedTask,Broken Hierarchy
BulletJournal,com.bulletjournal.repository.models,NoteAuditable,Unutilized Abstraction
BulletJournal,com.bulletjournal.repository.models,NoteAuditable,Broken Hierarchy
BulletJournal,com.bulletjournal.repository.models,User,Cyclic-Dependent Modularization
BulletJournal,com.bulletjournal.repository.models,User,Insufficient Modularization
BulletJournal,com.bulletjournal.repository.models,ProjectItemAuditModel,Unutilized Abstraction
BulletJournal,com.bulletjournal.repository.models,ProjectItemAuditModel,Broken Hierarchy
BulletJournal,com.bulletjournal.repository.models,Auditable,Unutilized Abstraction
BulletJournal,com.bulletjournal.repository.models,Auditable,Broken Hierarchy
BulletJournal,com.bulletjournal.repository.models,NamedModel,Unutilized Abstraction
BulletJournal,com.bulletjournal.repository.models,NamedModel,Broken Hierarchy
BulletJournal,com.bulletjournal.repository.models,UserAlias,Unutilized Abstraction
BulletJournal,com.bulletjournal.repository.models,UserAlias,Broken Hierarchy
BulletJournal,com.bulletjournal.repository.models,TaskModel,Unutilized Abstraction
BulletJournal,com.bulletjournal.repository.models,TaskModel,Insufficient Modularization
BulletJournal,com.bulletjournal.repository.models,BankAccountTransaction,Cyclic-Dependent Modularization
BulletJournal,com.bulletjournal.repository.models,UserGroup,Cyclic-Dependent Modularization
BulletJournal,com.bulletjournal.repository.models,UserProjects,Unutilized Abstraction
BulletJournal,com.bulletjournal.repository.models,UserProjects,Broken Hierarchy
BulletJournal,com.bulletjournal.repository.models,BankAccount,Unutilized Abstraction
BulletJournal,com.bulletjournal.repository.models,BankAccount,Broken Hierarchy
BulletJournal,com.bulletjournal.repository.models,BankAccount,Cyclic-Dependent Modularization
BulletJournal,com.bulletjournal.repository.models,TaskContent,Unutilized Abstraction
BulletJournal,com.bulletjournal.repository.models,Note,Cyclic-Dependent Modularization
BulletJournal,com.bulletjournal.repository.models,ProjectTasks,Unutilized Abstraction
BulletJournal,com.bulletjournal.repository.models,ProjectTasks,Broken Hierarchy
BulletJournal,com.bulletjournal.repository.models,GoogleCredential,Unutilized Abstraction
BulletJournal,com.bulletjournal.repository.models,GoogleCredential,Broken Hierarchy
BulletJournal,com.bulletjournal.repository.models,UserPointActivity,Unutilized Abstraction
BulletJournal,com.bulletjournal.repository.models,UserPointActivity,Broken Hierarchy
BulletJournal,com.bulletjournal.repository.models,Task,Unutilized Abstraction
BulletJournal,com.bulletjournal.repository.models,Task,Cyclic-Dependent Modularization
BulletJournal,com.bulletjournal.repository.models,BookingLink,Unutilized Abstraction
BulletJournal,com.bulletjournal.repository.models,BookingLink,Broken Hierarchy
BulletJournal,com.bulletjournal.repository.models,Project,Cyclic-Dependent Modularization
BulletJournal,com.bulletjournal.repository.models,Project,Insufficient Modularization
BulletJournal,com.bulletjournal.repository.models,TransactionAuditable,Unutilized Abstraction
BulletJournal,com.bulletjournal.repository.models,TransactionAuditable,Broken Hierarchy
BulletJournal,com.bulletjournal.repository.models,TransactionContent,Unutilized Abstraction
BulletJournal,com.bulletjournal.repository.models,GoogleCalendarProject,Unutilized Abstraction
BulletJournal,com.bulletjournal.repository.models,GoogleCalendarProject,Broken Hierarchy
BulletJournal,com.bulletjournal.repository.models,NoteContent,Unutilized Abstraction
BulletJournal,com.bulletjournal.repository.models,ProjectItemModel,Unutilized Abstraction
BulletJournal,com.bulletjournal.repository.models,ProjectItemModel,Broken Hierarchy
BulletJournal,com.bulletjournal.repository.models,ProjectItemModel,Cyclic-Dependent Modularization
BulletJournal,com.bulletjournal.repository.models,ProjectItemModel,Insufficient Modularization
BulletJournal,com.bulletjournal.repository.models,ProjectNotes,Unutilized Abstraction
BulletJournal,com.bulletjournal.repository.models,ProjectNotes,Broken Hierarchy
BulletJournal,com.bulletjournal.repository.models,AuditModel,Unutilized Abstraction
BulletJournal,com.bulletjournal.repository.models,AuditModel,Wide Hierarchy
BulletJournal,com.bulletjournal.repository.models,ProjectSetting,Cyclic-Dependent Modularization
BulletJournal,com.bulletjournal.repository.models,Transaction,Cyclic-Dependent Modularization
BulletJournal,com.bulletjournal.repository.models,Transaction,Insufficient Modularization
BulletJournal,com.bulletjournal.repository.auditing,NotificationEntityListeners,Unutilized Abstraction
BulletJournal,com.bulletjournal.repository.auditing,TaskEntityListeners,Unutilized Abstraction
BulletJournal,com.bulletjournal.repository.auditing,GroupEntityListeners,Unutilized Abstraction
BulletJournal,com.bulletjournal.repository.auditing,UserGroupEntityListeners,Unutilized Abstraction
BulletJournal,com.bulletjournal.repository.factory,EtaggableDaos,Cyclic-Dependent Modularization
BulletJournal,com.bulletjournal.calendars.google,WatchCalendarParams,Unutilized Abstraction
BulletJournal,com.bulletjournal.calendars.google,CreateGoogleCalendarEventsParams,Unutilized Abstraction
BulletJournal,com.bulletjournal.calendars.google,Converter,Deficient Encapsulation
BulletJournal,com.bulletjournal.calendars.google,CalendarWatchedProject,Unutilized Abstraction
BulletJournal,com.bulletjournal.ledger,Transactions,Unutilized Abstraction
BulletJournal,com.bulletjournal.ledger,Total,Unnecessary Abstraction
BulletJournal,com.bulletjournal.ledger,TransactionsSummary,Unutilized Abstraction
BulletJournal,com.bulletjournal.ledger,TransactionsSummary,Insufficient Modularization
BulletJournal,com.bulletjournal.config,SpringFoxConfig,Unutilized Abstraction
BulletJournal,com.bulletjournal.redis,RedisShareItemIdRepository,Unnecessary Abstraction
BulletJournal,com.bulletjournal.redis,BankAccountBalanceRepository,Unnecessary Abstraction
BulletJournal,com.bulletjournal.redis,FirstTimeUserRepository,Unnecessary Abstraction
BulletJournal,com.bulletjournal.redis,RedisEtagDaoJpa,Cyclic-Dependent Modularization
BulletJournal,com.bulletjournal.redis,RedisLockedIPRepository,Unnecessary Abstraction
BulletJournal,com.bulletjournal.redis,RedisNotificationRepository,Unnecessary Abstraction
BulletJournal,com.bulletjournal.redis,RedisUserRepository,Unnecessary Abstraction
BulletJournal,com.bulletjournal.redis,RedisLockedUserRepository,Unnecessary Abstraction
BulletJournal,com.bulletjournal.redis,RedisUserAliasesRepository,Unnecessary Abstraction
BulletJournal,com.bulletjournal.exceptions,ResourceNotFoundException,Unutilized Abstraction
BulletJournal,com.bulletjournal.exceptions,UnAuthorizedException,Unutilized Abstraction
BulletJournal,com.bulletjournal.exceptions,ResourceAlreadyExistException,Unutilized Abstraction
BulletJournal,com.bulletjournal.exceptions,BadRequestException,Unutilized Abstraction
BulletJournal,com.bulletjournal.controller.models.params,LockUserParams,Unutilized Abstraction
BulletJournal,com.bulletjournal.controller.models.params,SetTaskStatusParams,Unutilized Abstraction
BulletJournal,com.bulletjournal.controller.models.params,SetPointsParams,Unutilized Abstraction
BulletJournal,com.bulletjournal.controller.models.params,BookParams,Insufficient Modularization
BulletJournal,com.bulletjournal.controller.models.params,AddUserGroupsParams,Unutilized Abstraction
BulletJournal,com.bulletjournal.controller.models.params,RemoveUserGroupParams,Unutilized Abstraction
BulletJournal,com.bulletjournal.controller.models.params,SaveCollabItemParams,Unutilized Abstraction
BulletJournal,com.bulletjournal.controller.models.params,CancelBookingParams,Unutilized Abstraction
BulletJournal,com.bulletjournal.controller.models.params,RemoveUserGroupsParams,Unutilized Abstraction
BulletJournal,com.bulletjournal.controller.models.params,UpdateBookingLinkRecurrencesParams,Unutilized Abstraction
BulletJournal,com.bulletjournal.controller.models.params,MoveProjectItemParams,Unutilized Abstraction
BulletJournal,com.bulletjournal.controller.models.params,UnlockUserParams,Unutilized Abstraction
BulletJournal,com.bulletjournal.controller.models.params,UpdateTaskParams,Insufficient Modularization
BulletJournal,com.bulletjournal.controller.models.params,ChangePointsParams,Unutilized Abstraction
BulletJournal,com.bulletjournal.controller.models.params,SetRoleParams,Unutilized Abstraction
BulletJournal,com.bulletjournal.controller.models.params,ExportProjectItemParams,Unutilized Abstraction
BulletJournal,com.bulletjournal.controller.models.params,CreateTransactionParams,Insufficient Modularization
BulletJournal,com.bulletjournal.controller.models.params,CreateBookingLinkParams,Insufficient Modularization
BulletJournal,com.bulletjournal.controller.models.params,UpdateBookingLinkSlotParams,Unutilized Abstraction
BulletJournal,com.bulletjournal.controller.models.params,CreateTaskParams,Insufficient Modularization
BulletJournal,com.bulletjournal.controller.models.params,UpdateTransactionParams,Insufficient Modularization
BulletJournal,com.bulletjournal.controller.models.params,RevisionContentsParams,Unutilized Abstraction
BulletJournal,com.bulletjournal.controller.models.params,ExportProjectItemAsEmailParams,Unutilized Abstraction
BulletJournal,com.bulletjournal.controller.models.params,ExportProjectItemAsEmailParams,Broken Hierarchy
BulletJournal,com.bulletjournal.controller.models.params,UpdateBookingLinkParams,Insufficient Modularization
BulletJournal,com.bulletjournal.controller.models.authz,Deletable,Unutilized Abstraction
BulletJournal,com.bulletjournal.controller.models.authz,Editable,Unutilized Abstraction
BulletJournal,com.bulletjournal.daemon,Cleaner,Unutilized Abstraction
BulletJournal,com.bulletjournal.daemon,Reminder,Cyclic-Dependent Modularization
BulletJournal,com.bulletjournal.templates.repository,ChoiceMetadataKeywordDaoJpa,Unutilized Abstraction
BulletJournal,com.bulletjournal.templates.repository,StepMetadataKeywordRepository,Unnecessary Abstraction
BulletJournal,com.bulletjournal.templates.repository,StockTickerDetailsDaoJpa,Imperative Abstraction
BulletJournal,com.bulletjournal.templates.repository,StockTickerDetailsDaoJpa,Deficient Encapsulation
BulletJournal,com.bulletjournal.templates.repository,StepDaoJpa,Cyclic-Dependent Modularization
BulletJournal,com.bulletjournal.templates.repository,StepMetadataKeywordDaoJpa,Unutilized Abstraction
BulletJournal,com.bulletjournal.templates.repository,RuleDaoJpa,Cyclic-Dependent Modularization
BulletJournal,com.bulletjournal.templates.repository,UserSampleTaskDaoJpa,Cyclic-Dependent Modularization
BulletJournal,com.bulletjournal.templates.repository,CategoryDaoJpa,Cyclic-Dependent Modularization
BulletJournal,com.bulletjournal.templates.repository,StockTickerDetailsRepository,Unnecessary Abstraction
BulletJournal,com.bulletjournal.templates.repository,SampleTaskNotificationsRepository,Unnecessary Abstraction
BulletJournal,com.bulletjournal.templates.repository,SampleTaskDaoJpa,Cyclic-Dependent Modularization
BulletJournal,com.bulletjournal.templates.repository,UserCategoryDaoJpa,Cyclic-Dependent Modularization
BulletJournal,com.bulletjournal.templates.repository,UserSampleTaskRepository,Cyclic-Dependent Modularization
BulletJournal,com.bulletjournal.templates.repository,UserCategoryRepository,Cyclic-Dependent Modularization
BulletJournal,com.bulletjournal.templates.repository.utils,EarningUtil,Unutilized Abstraction
BulletJournal,com.bulletjournal.templates.repository.utils,IPOUtil,Unutilized Abstraction
BulletJournal,com.bulletjournal.templates.repository.utils,DividendsUtil,Unutilized Abstraction
BulletJournal,com.bulletjournal.templates.repository.model,SampleTaskNotification,Unutilized Abstraction
BulletJournal,com.bulletjournal.templates.repository.model,SampleTaskRule,Cyclic-Dependent Modularization
BulletJournal,com.bulletjournal.templates.repository.model,UserCategory,Cyclic-Dependent Modularization
BulletJournal,com.bulletjournal.templates.repository.model,Choice,Insufficient Modularization
BulletJournal,com.bulletjournal.templates.repository.model,Category,Insufficient Modularization
BulletJournal,com.bulletjournal.templates.repository.model,CategoryRule,Broken Hierarchy
BulletJournal,com.bulletjournal.templates.repository.model,UserSampleTask,Unutilized Abstraction
BulletJournal,com.bulletjournal.templates.repository.model,StepRule,Broken Hierarchy
BulletJournal,com.bulletjournal.templates.repository.model,StepRule,Cyclic-Dependent Modularization
BulletJournal,com.bulletjournal.templates.repository.model,Step,Cyclic-Dependent Modularization
BulletJournal,com.bulletjournal.templates.repository.model,Step,Insufficient Modularization
BulletJournal,com.bulletjournal.templates.repository.model,SampleTask,Insufficient Modularization
BulletJournal,com.bulletjournal.templates.redis,RedisSampleTasksRepository,Unnecessary Abstraction
BulletJournal,com.bulletjournal.templates.controller,StepController,Deficient Encapsulation
BulletJournal,com.bulletjournal.templates.controller,ChoiceController,Unutilized Abstraction
BulletJournal,com.bulletjournal.templates.controller,ChoiceController,Deficient Encapsulation
BulletJournal,com.bulletjournal.templates.controller,CategoryController,Deficient Encapsulation
BulletJournal,com.bulletjournal.templates.controller,WorkflowController,Deficient Encapsulation
BulletJournal,com.bulletjournal.templates.controller,SelectionController,Unutilized Abstraction
BulletJournal,com.bulletjournal.templates.controller,SelectionController,Deficient Encapsulation
BulletJournal,com.bulletjournal.templates.controller,StockController,Unutilized Abstraction
BulletJournal,com.bulletjournal.templates.controller,StockController,Deficient Encapsulation
BulletJournal,com.bulletjournal.templates.controller,MetadataController,Unutilized Abstraction
BulletJournal,com.bulletjournal.templates.controller,MetadataController,Deficient Encapsulation
BulletJournal,com.bulletjournal.templates.controller,RuleController,Deficient Encapsulation
BulletJournal,com.bulletjournal.templates.controller.model,SelectionIntroduction,Unutilized Abstraction
BulletJournal,com.bulletjournal.templates.controller.model,CreateSelectionParams,Unutilized Abstraction
BulletJournal,com.bulletjournal.templates.controller.model,CreateSelectionMetadataParams,Unutilized Abstraction
BulletJournal,com.bulletjournal.templates.controller.model,SampleTaskView,Unutilized Abstraction
BulletJournal,com.bulletjournal.templates.controller.model,CreateChoiceMetadataParams,Unutilized Abstraction
BulletJournal,com.bulletjournal.templates.controller.model,SelectionMetadata,Unutilized Abstraction
BulletJournal,com.bulletjournal.templates.controller.model,StepMetadata,Unutilized Abstraction
BulletJournal,com.bulletjournal.templates.controller.model,ImportTasksParams,Broken Hierarchy
BulletJournal,com.bulletjournal.templates.controller.model,UpdateStepMetadataKeywordsParams,Unutilized Abstraction
BulletJournal,com.bulletjournal.templates.controller.model,CreateStepMetadataParams,Unutilized Abstraction
BulletJournal,com.bulletjournal.templates.controller.model,UpdateSelectionParams,Unutilized Abstraction
BulletJournal,com.bulletjournal.templates.controller.model,UpdateCategoryParams,Unutilized Abstraction
BulletJournal,com.bulletjournal.templates.controller.model,UpdateSelectionMetadataKeywordsParams,Unutilized Abstraction
BulletJournal,com.bulletjournal.templates.controller.model,Category,Insufficient Modularization
BulletJournal,com.bulletjournal.templates.controller.model,SubscribedCategory,Unutilized Abstraction
BulletJournal,com.bulletjournal.templates.controller.model,Steps,Unutilized Abstraction
BulletJournal,com.bulletjournal.templates.controller.model,UpdateSelectionIntroductionParams,Unutilized Abstraction
BulletJournal,com.bulletjournal.templates.controller.model,ChoiceMetadata,Unutilized Abstraction
BulletJournal,com.bulletjournal.templates.controller.model,StockTickerDetails,Insufficient Modularization
BulletJournal,com.bulletjournal.templates.controller.model,CreateSelectionIntroductionParams,Unutilized Abstraction
BulletJournal,com.bulletjournal.templates.controller.model,SampleTaskRuleView,Unutilized Abstraction
BulletJournal,com.bulletjournal.templates.controller.model,SampleTaskRuleView,Broken Hierarchy
BulletJournal,com.bulletjournal.templates.controller.model,CreateCategoryParams,Unutilized Abstraction
BulletJournal,com.bulletjournal.templates.controller.model,UpdateChoiceMetadataKeywordsParams,Unutilized Abstraction
BulletJournal,com.bulletjournal.templates.controller.model,SampleTask,Insufficient Modularization
BulletJournal,com.bulletjournal.templates.controller.model,Rule,Unutilized Abstraction
BulletJournal,com.bulletjournal.authz,AuthorizationService,Deficient Encapsulation
BulletJournal,com.bulletjournal.authz,AuthorizationService,Cyclic-Dependent Modularization
BulletJournal,com.bulletjournal.es.repository,SearchIndexDaoJpa,Deficient Encapsulation
BulletJournal,com.bulletjournal.es.repository,SearchIndexDaoJpa,Cyclic-Dependent Modularization
BulletJournal,com.bulletjournal.messaging,MessagingService,Deficient Encapsulation
BulletJournal,com.bulletjournal.messaging,MessagingService,Cyclic-Dependent Modularization
BulletJournal,com.bulletjournal.messaging.mailjet,MailjetEmailClient,Cyclic-Dependent Modularization
BulletJournal,com.bulletjournal.messaging.mailjet,MailjetEmailParams,Cyclic-Dependent Modularization
